method,horizon_s,category,window_count,ade_mean_m,fde_mean_m,yaw_mae_mean_rad,compute_time_mean_ms
state_only,0.5,stable_straight,109,0.000224092,0.000413074,0.000000341,0.025517431
state_only,0.5,stable_left_turn,110,0.000225867,0.000413264,0.003301366,0.024420000
state_only,0.5,stable_right_turn,110,0.000028341,0.000051463,0.005913297,0.026591818
state_only,0.5,stable_stop,110,0.000004885,0.000008999,0.002671756,0.033430909
state_only,0.5,transition_straight_to_left,15,0.003626755,0.009797241,0.095108587,0.026206667
state_only,0.5,transition_left_to_right,15,0.000018104,0.000028142,0.190617496,0.032460000
state_only,0.5,transition_right_to_stop,15,0.000017454,0.000030555,0.095217251,0.022933333
state_only,0.5,all_stable,439,0.000120561,0.000221264,0.002978459,0.027494533
state_only,0.5,all_transition,45,0.001220771,0.003285312,0.126981111,0.027200000
state_only,1.0,stable_straight,93,0.000498587,0.000945637,0.000000766,0.038621505
state_only,1.0,stable_left_turn,94,0.000500223,0.000933010,0.007400287,0.040771277
state_only,1.0,stable_right_turn,94,0.000057229,0.000105108,0.013654521,0.040890426
state_only,1.0,stable_stop,94,0.000011068,0.000020974,0.006102791,0.038680851
state_only,1.0,transition_straight_to_left,31,0.007037972,0.019532599,0.185476528,0.038622581
state_only,1.0,transition_left_to_right,31,0.000033943,0.000067418,0.372036462,0.044041935
state_only,1.0,transition_right_to_stop,31,0.000030021,0.000053413,0.185542036,0.038703226
state_only,1.0,all_stable,375,0.000266159,0.000499997,0.006807695,0.039744000
state_only,1.0,all_transition,93,0.002367312,0.006551143,0.247685009,0.040455914
state_only,2.0,stable_straight,62,0.001384782,0.002705325,0.000002215,0.076975806
state_only,2.0,stable_left_turn,63,0.001358167,0.002516103,0.020107194,0.081520635
state_only,2.0,stable_right_turn,63,0.000100421,0.000178015,0.032479233,0.084782540
state_only,2.0,stable_stop,63,0.000031216,0.000060816,0.017729177,0.072169841
state_only,2.0,transition_straight_to_left,62,0.013696386,0.039716318,0.360644506,0.076090323
state_only,2.0,transition_left_to_right,62,0.000065162,0.000127738,0.696200308,0.087188710
state_only,2.0,transition_right_to_stop,62,0.000076358,0.000123054,0.361785290,0.078958065
state_only,2.0,all_stable,251,0.000715992,0.001359725,0.017649484,0.078869721
state_only,2.0,all_transition,186,0.004612635,0.013322370,0.472876701,0.080745699
command_conditioned,0.5,stable_straight,109,0.000000003,0.000000003,0.000000043,0.039453211
command_conditioned,0.5,stable_left_turn,110,0.000013633,0.000017669,0.026468933,0.045205455
command_conditioned,0.5,stable_right_turn,110,0.000011862,0.000019425,0.026542771,0.048347273
command_conditioned,0.5,stable_stop,110,0.000000035,0.000000038,0.000045958,0.044142727
command_conditioned,0.5,transition_straight_to_left,15,0.000011585,0.000026345,0.008641413,0.048820000
command_conditioned,0.5,transition_left_to_right,15,0.000008225,0.000010702,0.016923688,0.058606667
command_conditioned,0.5,transition_right_to_stop,15,0.000005628,0.000008183,0.018617461,0.048426667
command_conditioned,0.5,all_stable,439,0.000006398,0.000009305,0.013294641,0.044298178
command_conditioned,0.5,all_transition,45,0.000008479,0.000015076,0.014727521,0.051951111
command_conditioned,1.0,stable_straight,93,0.000000003,0.000000004,0.000000051,0.070478495
command_conditioned,1.0,stable_left_turn,94,0.000015819,0.000022938,0.051603246,0.078913830
command_conditioned,1.0,stable_right_turn,94,0.000022304,0.000038588,0.051545110,0.082045745
command_conditioned,1.0,stable_stop,94,0.000000043,0.000000044,0.000062255,0.073452128
command_conditioned,1.0,transition_straight_to_left,31,0.000013231,0.000027666,0.016735012,0.078570968
command_conditioned,1.0,transition_left_to_right,31,0.000017012,0.000018882,0.033392846,0.087467742
command_conditioned,1.0,transition_right_to_stop,31,0.000007259,0.000010502,0.035675680,0.081406452
command_conditioned,1.0,all_stable,375,0.000009568,0.000015435,0.025871473,0.076237867
command_conditioned,1.0,all_transition,93,0.000012501,0.000019017,0.028601180,0.082481720
command_conditioned,2.0,stable_straight,62,0.000000006,0.000000008,0.000000076,0.168535484
command_conditioned,2.0,stable_left_turn,63,0.000016998,0.000029677,0.100203533,0.166846032
command_conditioned,2.0,stable_right_turn,63,0.000037336,0.000065236,0.100212184,0.291861905
command_conditioned,2.0,stable_stop,63,0.000000065,0.000000066,0.000099465,0.167931746
command_conditioned,2.0,transition_straight_to_left,62,0.000014026,0.000027348,0.032908613,0.172085484
command_conditioned,2.0,transition_left_to_right,62,0.000027300,0.000043721,0.065889952,0.189162903
command_conditioned,2.0,transition_right_to_stop,62,0.000022905,0.000031732,0.067930034,0.166764516
command_conditioned,2.0,all_stable,251,0.000013655,0.000023841,0.050328531,0.198914343
command_conditioned,2.0,all_transition,186,0.000021410,0.000034267,0.055576200,0.176004301
