episode_id,scene,seed,snapshot_id,budget,state_roi_pixels,command_roi_pixels,roi_intersection_pixels,roi_union_pixels,roi_jaccard,roi_xor_pixels,roi_xor_fraction,state_selected_tiles,command_selected_tiles,tile_intersection,tile_union,tile_jaccard,tile_xor_count,tile_xor_fraction,quality_xor_tiles,quality_xor_fraction,identical_reconstruction
m6a_v3_formal_s1_seed630100,S1,630100,0,severe,9,9,9,9,1.0,0,0.0,1,1,1,1,1.0,0,0.0,0,0.0,1
m6a_v3_formal_s1_seed630100,S1,630100,0,low,9,9,9,9,1.0,0,0.0,1,1,1,1,1.0,0,0.0,0,0.0,1
m6a_v3_formal_s1_seed630100,S1,630100,0,medium,9,9,9,9,1.0,0,0.0,1,1,1,1,1.0,0,0.0,0,0.0,1
m6a_v3_formal_s1_seed630100,S1,630100,0,high,9,9,9,9,1.0,0,0.0,1,1,1,1,1.0,0,0.0,0,0.0,1
m6a_v3_formal_s1_seed630100,S1,630100,1,severe,9,9,9,9,1.0,0,0.0,1,1,1,1,1.0,0,0.0,0,0.0,1
m6a_v3_formal_s1_seed630100,S1,630100,1,low,9,9,9,9,1.0,0,0.0,1,1,1,1,1.0,0,0.0,0,0.0,1
m6a_v3_formal_s1_seed630100,S1,630100,1,medium,9,9,9,9,1.0,0,0.0,1,1,1,1,1.0,0,0.0,0,0.0,1
m6a_v3_formal_s1_seed630100,S1,630100,1,high,9,9,9,9,1.0,0,0.0,1,1,1,1,1.0,0,0.0,0,0.0,1
m6a_v3_formal_s1_seed630100,S1,630100,2,severe,9,9,9,9,1.0,0,0.0,2,2,2,2,1.0,0,0.0,0,0.0,1
m6a_v3_formal_s1_seed630100,S1,630100,2,low,9,9,9,9,1.0,0,0.0,2,2,2,2,1.0,0,0.0,0,0.0,1
m6a_v3_formal_s1_seed630100,S1,630100,2,medium,9,9,9,9,1.0,0,0.0,2,2,2,2,1.0,0,0.0,0,0.0,1
m6a_v3_formal_s1_seed630100,S1,630100,2,high,9,9,9,9,1.0,0,0.0,2,2,2,2,1.0,0,0.0,0,0.0,1
m6a_v3_formal_s1_seed630100,S1,630100,3,severe,9,11,5,15,0.3333333333333333,10,0.0005208333333333333,1,1,1,1,1.0,0,0.0,0,0.0,1
m6a_v3_formal_s1_seed630100,S1,630100,3,low,9,11,5,15,0.3333333333333333,10,0.0005208333333333333,1,1,1,1,1.0,0,0.0,0,0.0,1
m6a_v3_formal_s1_seed630100,S1,630100,3,medium,9,11,5,15,0.3333333333333333,10,0.0005208333333333333,1,1,1,1,1.0,0,0.0,0,0.0,1
m6a_v3_formal_s1_seed630100,S1,630100,3,high,9,11,5,15,0.3333333333333333,10,0.0005208333333333333,1,1,1,1,1.0,0,0.0,0,0.0,1
m6a_v3_formal_s1_seed630101,S1,630101,0,severe,9,9,9,9,1.0,0,0.0,1,1,1,1,1.0,0,0.0,0,0.0,1
m6a_v3_formal_s1_seed630101,S1,630101,0,low,9,9,9,9,1.0,0,0.0,1,1,1,1,1.0,0,0.0,0,0.0,1
m6a_v3_formal_s1_seed630101,S1,630101,0,medium,9,9,9,9,1.0,0,0.0,1,1,1,1,1.0,0,0.0,0,0.0,1
m6a_v3_formal_s1_seed630101,S1,630101,0,high,9,9,9,9,1.0,0,0.0,1,1,1,1,1.0,0,0.0,0,0.0,1
m6a_v3_formal_s1_seed630101,S1,630101,1,severe,9,9,9,9,1.0,0,0.0,1,1,1,1,1.0,0,0.0,0,0.0,1
m6a_v3_formal_s1_seed630101,S1,630101,1,low,9,9,9,9,1.0,0,0.0,1,1,1,1,1.0,0,0.0,0,0.0,1
m6a_v3_formal_s1_seed630101,S1,630101,1,medium,9,9,9,9,1.0,0,0.0,1,1,1,1,1.0,0,0.0,0,0.0,1
m6a_v3_formal_s1_seed630101,S1,630101,1,high,9,9,9,9,1.0,0,0.0,1,1,1,1,1.0,0,0.0,0,0.0,1
m6a_v3_formal_s1_seed630101,S1,630101,2,severe,9,9,9,9,1.0,0,0.0,2,2,2,2,1.0,0,0.0,0,0.0,1
m6a_v3_formal_s1_seed630101,S1,630101,2,low,9,9,9,9,1.0,0,0.0,2,2,2,2,1.0,0,0.0,0,0.0,1
m6a_v3_formal_s1_seed630101,S1,630101,2,medium,9,9,9,9,1.0,0,0.0,2,2,2,2,1.0,0,0.0,0,0.0,1
m6a_v3_formal_s1_seed630101,S1,630101,2,high,9,9,9,9,1.0,0,0.0,2,2,2,2,1.0,0,0.0,0,0.0,1
m6a_v3_formal_s1_seed630101,S1,630101,3,severe,9,11,5,15,0.3333333333333333,10,0.0005208333333333333,1,1,1,1,1.0,0,0.0,0,0.0,1
m6a_v3_formal_s1_seed630101,S1,630101,3,low,9,11,5,15,0.3333333333333333,10,0.0005208333333333333,1,1,1,1,1.0,0,0.0,0,0.0,1
m6a_v3_formal_s1_seed630101,S1,630101,3,medium,9,11,5,15,0.3333333333333333,10,0.0005208333333333333,1,1,1,1,1.0,0,0.0,0,0.0,1
m6a_v3_formal_s1_seed630101,S1,630101,3,high,9,11,5,15,0.3333333333333333,10,0.0005208333333333333,1,1,1,1,1.0,0,0.0,0,0.0,1
m6a_v3_formal_s1_seed630102,S1,630102,0,severe,9,9,9,9,1.0,0,0.0,1,1,1,1,1.0,0,0.0,0,0.0,1
m6a_v3_formal_s1_seed630102,S1,630102,0,low,9,9,9,9,1.0,0,0.0,1,1,1,1,1.0,0,0.0,0,0.0,1
m6a_v3_formal_s1_seed630102,S1,630102,0,medium,9,9,9,9,1.0,0,0.0,1,1,1,1,1.0,0,0.0,0,0.0,1
m6a_v3_formal_s1_seed630102,S1,630102,0,high,9,9,9,9,1.0,0,0.0,1,1,1,1,1.0,0,0.0,0,0.0,1
m6a_v3_formal_s1_seed630102,S1,630102,1,severe,9,9,9,9,1.0,0,0.0,1,1,1,1,1.0,0,0.0,0,0.0,1
m6a_v3_formal_s1_seed630102,S1,630102,1,low,9,9,9,9,1.0,0,0.0,1,1,1,1,1.0,0,0.0,0,0.0,1
m6a_v3_formal_s1_seed630102,S1,630102,1,medium,9,9,9,9,1.0,0,0.0,1,1,1,1,1.0,0,0.0,0,0.0,1
m6a_v3_formal_s1_seed630102,S1,630102,1,high,9,9,9,9,1.0,0,0.0,1,1,1,1,1.0,0,0.0,0,0.0,1
m6a_v3_formal_s1_seed630102,S1,630102,2,severe,9,9,9,9,1.0,0,0.0,2,2,2,2,1.0,0,0.0,0,0.0,1
m6a_v3_formal_s1_seed630102,S1,630102,2,low,9,9,9,9,1.0,0,0.0,2,2,2,2,1.0,0,0.0,0,0.0,1
m6a_v3_formal_s1_seed630102,S1,630102,2,medium,9,9,9,9,1.0,0,0.0,2,2,2,2,1.0,0,0.0,0,0.0,1
m6a_v3_formal_s1_seed630102,S1,630102,2,high,9,9,9,9,1.0,0,0.0,2,2,2,2,1.0,0,0.0,0,0.0,1
m6a_v3_formal_s1_seed630102,S1,630102,3,severe,9,11,5,15,0.3333333333333333,10,0.0005208333333333333,1,1,1,1,1.0,0,0.0,0,0.0,1
m6a_v3_formal_s1_seed630102,S1,630102,3,low,9,11,5,15,0.3333333333333333,10,0.0005208333333333333,1,1,1,1,1.0,0,0.0,0,0.0,1
m6a_v3_formal_s1_seed630102,S1,630102,3,medium,9,11,5,15,0.3333333333333333,10,0.0005208333333333333,1,1,1,1,1.0,0,0.0,0,0.0,1
m6a_v3_formal_s1_seed630102,S1,630102,3,high,9,11,5,15,0.3333333333333333,10,0.0005208333333333333,1,1,1,1,1.0,0,0.0,0,0.0,1
m6a_v3_formal_s1_seed630103,S1,630103,0,severe,9,9,9,9,1.0,0,0.0,1,1,1,1,1.0,0,0.0,0,0.0,1
m6a_v3_formal_s1_seed630103,S1,630103,0,low,9,9,9,9,1.0,0,0.0,1,1,1,1,1.0,0,0.0,0,0.0,1
m6a_v3_formal_s1_seed630103,S1,630103,0,medium,9,9,9,9,1.0,0,0.0,1,1,1,1,1.0,0,0.0,0,0.0,1
m6a_v3_formal_s1_seed630103,S1,630103,0,high,9,9,9,9,1.0,0,0.0,1,1,1,1,1.0,0,0.0,0,0.0,1
m6a_v3_formal_s1_seed630103,S1,630103,1,severe,9,9,9,9,1.0,0,0.0,1,1,1,1,1.0,0,0.0,0,0.0,1
m6a_v3_formal_s1_seed630103,S1,630103,1,low,9,9,9,9,1.0,0,0.0,1,1,1,1,1.0,0,0.0,0,0.0,1
m6a_v3_formal_s1_seed630103,S1,630103,1,medium,9,9,9,9,1.0,0,0.0,1,1,1,1,1.0,0,0.0,0,0.0,1
m6a_v3_formal_s1_seed630103,S1,630103,1,high,9,9,9,9,1.0,0,0.0,1,1,1,1,1.0,0,0.0,0,0.0,1
m6a_v3_formal_s1_seed630103,S1,630103,2,severe,9,9,9,9,1.0,0,0.0,2,2,2,2,1.0,0,0.0,0,0.0,1
m6a_v3_formal_s1_seed630103,S1,630103,2,low,9,9,9,9,1.0,0,0.0,2,2,2,2,1.0,0,0.0,0,0.0,1
m6a_v3_formal_s1_seed630103,S1,630103,2,medium,9,9,9,9,1.0,0,0.0,2,2,2,2,1.0,0,0.0,0,0.0,1
m6a_v3_formal_s1_seed630103,S1,630103,2,high,9,9,9,9,1.0,0,0.0,2,2,2,2,1.0,0,0.0,0,0.0,1
m6a_v3_formal_s1_seed630103,S1,630103,3,severe,9,11,5,15,0.3333333333333333,10,0.0005208333333333333,1,1,1,1,1.0,0,0.0,0,0.0,1
m6a_v3_formal_s1_seed630103,S1,630103,3,low,9,11,5,15,0.3333333333333333,10,0.0005208333333333333,1,1,1,1,1.0,0,0.0,0,0.0,1
m6a_v3_formal_s1_seed630103,S1,630103,3,medium,9,11,5,15,0.3333333333333333,10,0.0005208333333333333,1,1,1,1,1.0,0,0.0,0,0.0,1
m6a_v3_formal_s1_seed630103,S1,630103,3,high,9,11,5,15,0.3333333333333333,10,0.0005208333333333333,1,1,1,1,1.0,0,0.0,0,0.0,1
m6a_v3_formal_s2_seed630200,S2,630200,0,severe,9,9,9,9,1.0,0,0.0,1,1,1,1,1.0,0,0.0,0,0.0,1
m6a_v3_formal_s2_seed630200,S2,630200,0,low,9,9,9,9,1.0,0,0.0,1,1,1,1,1.0,0,0.0,0,0.0,1
m6a_v3_formal_s2_seed630200,S2,630200,0,medium,9,9,9,9,1.0,0,0.0,1,1,1,1,1.0,0,0.0,0,0.0,1
m6a_v3_formal_s2_seed630200,S2,630200,0,high,9,9,9,9,1.0,0,0.0,1,1,1,1,1.0,0,0.0,0,0.0,1
m6a_v3_formal_s2_seed630200,S2,630200,1,severe,9,9,9,9,1.0,0,0.0,1,1,1,1,1.0,0,0.0,48,1.0,0
m6a_v3_formal_s2_seed630200,S2,630200,1,low,9,9,9,9,1.0,0,0.0,1,1,1,1,1.0,0,0.0,48,1.0,0
m6a_v3_formal_s2_seed630200,S2,630200,1,medium,9,9,9,9,1.0,0,0.0,1,1,1,1,1.0,0,0.0,0,0.0,1
m6a_v3_formal_s2_seed630200,S2,630200,1,high,9,9,9,9,1.0,0,0.0,1,1,1,1,1.0,0,0.0,0,0.0,1
m6a_v3_formal_s2_seed630200,S2,630200,2,severe,9,9,9,9,1.0,0,0.0,2,2,2,2,1.0,0,0.0,0,0.0,1
m6a_v3_formal_s2_seed630200,S2,630200,2,low,9,9,9,9,1.0,0,0.0,2,2,2,2,1.0,0,0.0,0,0.0,1
m6a_v3_formal_s2_seed630200,S2,630200,2,medium,9,9,9,9,1.0,0,0.0,2,2,2,2,1.0,0,0.0,0,0.0,1
m6a_v3_formal_s2_seed630200,S2,630200,2,high,9,9,9,9,1.0,0,0.0,2,2,2,2,1.0,0,0.0,0,0.0,1
m6a_v3_formal_s2_seed630200,S2,630200,3,severe,9,11,5,15,0.3333333333333333,10,0.0005208333333333333,1,1,1,1,1.0,0,0.0,0,0.0,1
m6a_v3_formal_s2_seed630200,S2,630200,3,low,9,11,5,15,0.3333333333333333,10,0.0005208333333333333,1,1,1,1,1.0,0,0.0,0,0.0,1
m6a_v3_formal_s2_seed630200,S2,630200,3,medium,9,11,5,15,0.3333333333333333,10,0.0005208333333333333,1,1,1,1,1.0,0,0.0,0,0.0,1
m6a_v3_formal_s2_seed630200,S2,630200,3,high,9,11,5,15,0.3333333333333333,10,0.0005208333333333333,1,1,1,1,1.0,0,0.0,0,0.0,1
m6a_v3_formal_s2_seed630201,S2,630201,0,severe,9,9,9,9,1.0,0,0.0,1,1,1,1,1.0,0,0.0,0,0.0,1
m6a_v3_formal_s2_seed630201,S2,630201,0,low,9,9,9,9,1.0,0,0.0,1,1,1,1,1.0,0,0.0,0,0.0,1
m6a_v3_formal_s2_seed630201,S2,630201,0,medium,9,9,9,9,1.0,0,0.0,1,1,1,1,1.0,0,0.0,0,0.0,1
m6a_v3_formal_s2_seed630201,S2,630201,0,high,9,9,9,9,1.0,0,0.0,1,1,1,1,1.0,0,0.0,0,0.0,1
m6a_v3_formal_s2_seed630201,S2,630201,1,severe,9,9,9,9,1.0,0,0.0,1,1,1,1,1.0,0,0.0,48,1.0,0
m6a_v3_formal_s2_seed630201,S2,630201,1,low,9,9,9,9,1.0,0,0.0,1,1,1,1,1.0,0,0.0,0,0.0,1
m6a_v3_formal_s2_seed630201,S2,630201,1,medium,9,9,9,9,1.0,0,0.0,1,1,1,1,1.0,0,0.0,0,0.0,1
m6a_v3_formal_s2_seed630201,S2,630201,1,high,9,9,9,9,1.0,0,0.0,1,1,1,1,1.0,0,0.0,0,0.0,1
m6a_v3_formal_s2_seed630201,S2,630201,2,severe,9,9,9,9,1.0,0,0.0,2,2,2,2,1.0,0,0.0,48,1.0,0
m6a_v3_formal_s2_seed630201,S2,630201,2,low,9,9,9,9,1.0,0,0.0,2,2,2,2,1.0,0,0.0,0,0.0,1
m6a_v3_formal_s2_seed630201,S2,630201,2,medium,9,9,9,9,1.0,0,0.0,2,2,2,2,1.0,0,0.0,0,0.0,1
m6a_v3_formal_s2_seed630201,S2,630201,2,high,9,9,9,9,1.0,0,0.0,2,2,2,2,1.0,0,0.0,0,0.0,1
m6a_v3_formal_s2_seed630201,S2,630201,3,severe,9,11,5,15,0.3333333333333333,10,0.0005208333333333333,1,1,1,1,1.0,0,0.0,0,0.0,1
m6a_v3_formal_s2_seed630201,S2,630201,3,low,9,11,5,15,0.3333333333333333,10,0.0005208333333333333,1,1,1,1,1.0,0,0.0,0,0.0,1
m6a_v3_formal_s2_seed630201,S2,630201,3,medium,9,11,5,15,0.3333333333333333,10,0.0005208333333333333,1,1,1,1,1.0,0,0.0,0,0.0,1
m6a_v3_formal_s2_seed630201,S2,630201,3,high,9,11,5,15,0.3333333333333333,10,0.0005208333333333333,1,1,1,1,1.0,0,0.0,0,0.0,1
m6a_v3_formal_s2_seed630202,S2,630202,0,severe,9,9,9,9,1.0,0,0.0,1,1,1,1,1.0,0,0.0,0,0.0,1
m6a_v3_formal_s2_seed630202,S2,630202,0,low,9,9,9,9,1.0,0,0.0,1,1,1,1,1.0,0,0.0,0,0.0,1
m6a_v3_formal_s2_seed630202,S2,630202,0,medium,9,9,9,9,1.0,0,0.0,1,1,1,1,1.0,0,0.0,0,0.0,1
m6a_v3_formal_s2_seed630202,S2,630202,0,high,9,9,9,9,1.0,0,0.0,1,1,1,1,1.0,0,0.0,0,0.0,1
m6a_v3_formal_s2_seed630202,S2,630202,1,severe,9,9,9,9,1.0,0,0.0,1,1,1,1,1.0,0,0.0,0,0.0,1
m6a_v3_formal_s2_seed630202,S2,630202,1,low,9,9,9,9,1.0,0,0.0,1,1,1,1,1.0,0,0.0,0,0.0,1
m6a_v3_formal_s2_seed630202,S2,630202,1,medium,9,9,9,9,1.0,0,0.0,1,1,1,1,1.0,0,0.0,0,0.0,1
m6a_v3_formal_s2_seed630202,S2,630202,1,high,9,9,9,9,1.0,0,0.0,1,1,1,1,1.0,0,0.0,0,0.0,1
m6a_v3_formal_s2_seed630202,S2,630202,2,severe,9,9,9,9,1.0,0,0.0,2,2,2,2,1.0,0,0.0,0,0.0,1
m6a_v3_formal_s2_seed630202,S2,630202,2,low,9,9,9,9,1.0,0,0.0,2,2,2,2,1.0,0,0.0,48,1.0,0
m6a_v3_formal_s2_seed630202,S2,630202,2,medium,9,9,9,9,1.0,0,0.0,2,2,2,2,1.0,0,0.0,0,0.0,1
m6a_v3_formal_s2_seed630202,S2,630202,2,high,9,9,9,9,1.0,0,0.0,2,2,2,2,1.0,0,0.0,0,0.0,1
m6a_v3_formal_s2_seed630202,S2,630202,3,severe,9,11,5,15,0.3333333333333333,10,0.0005208333333333333,1,1,1,1,1.0,0,0.0,0,0.0,1
m6a_v3_formal_s2_seed630202,S2,630202,3,low,9,11,5,15,0.3333333333333333,10,0.0005208333333333333,1,1,1,1,1.0,0,0.0,48,1.0,0
m6a_v3_formal_s2_seed630202,S2,630202,3,medium,9,11,5,15,0.3333333333333333,10,0.0005208333333333333,1,1,1,1,1.0,0,0.0,0,0.0,1
m6a_v3_formal_s2_seed630202,S2,630202,3,high,9,11,5,15,0.3333333333333333,10,0.0005208333333333333,1,1,1,1,1.0,0,0.0,0,0.0,1
m6a_v3_formal_s2_seed630203,S2,630203,0,severe,9,9,9,9,1.0,0,0.0,1,1,1,1,1.0,0,0.0,0,0.0,1
m6a_v3_formal_s2_seed630203,S2,630203,0,low,9,9,9,9,1.0,0,0.0,1,1,1,1,1.0,0,0.0,0,0.0,1
m6a_v3_formal_s2_seed630203,S2,630203,0,medium,9,9,9,9,1.0,0,0.0,1,1,1,1,1.0,0,0.0,0,0.0,1
m6a_v3_formal_s2_seed630203,S2,630203,0,high,9,9,9,9,1.0,0,0.0,1,1,1,1,1.0,0,0.0,0,0.0,1
m6a_v3_formal_s2_seed630203,S2,630203,1,severe,9,9,9,9,1.0,0,0.0,1,1,1,1,1.0,0,0.0,0,0.0,1
m6a_v3_formal_s2_seed630203,S2,630203,1,low,9,9,9,9,1.0,0,0.0,1,1,1,1,1.0,0,0.0,0,0.0,1
m6a_v3_formal_s2_seed630203,S2,630203,1,medium,9,9,9,9,1.0,0,0.0,1,1,1,1,1.0,0,0.0,0,0.0,1
m6a_v3_formal_s2_seed630203,S2,630203,1,high,9,9,9,9,1.0,0,0.0,1,1,1,1,1.0,0,0.0,0,0.0,1
m6a_v3_formal_s2_seed630203,S2,630203,2,severe,9,9,9,9,1.0,0,0.0,2,2,2,2,1.0,0,0.0,0,0.0,1
m6a_v3_formal_s2_seed630203,S2,630203,2,low,9,9,9,9,1.0,0,0.0,2,2,2,2,1.0,0,0.0,0,0.0,1
m6a_v3_formal_s2_seed630203,S2,630203,2,medium,9,9,9,9,1.0,0,0.0,2,2,2,2,1.0,0,0.0,0,0.0,1
m6a_v3_formal_s2_seed630203,S2,630203,2,high,9,9,9,9,1.0,0,0.0,2,2,2,2,1.0,0,0.0,0,0.0,1
m6a_v3_formal_s2_seed630203,S2,630203,3,severe,9,11,5,15,0.3333333333333333,10,0.0005208333333333333,1,1,1,1,1.0,0,0.0,0,0.0,1
m6a_v3_formal_s2_seed630203,S2,630203,3,low,9,11,5,15,0.3333333333333333,10,0.0005208333333333333,1,1,1,1,1.0,0,0.0,0,0.0,1
m6a_v3_formal_s2_seed630203,S2,630203,3,medium,9,11,5,15,0.3333333333333333,10,0.0005208333333333333,1,1,1,1,1.0,0,0.0,0,0.0,1
m6a_v3_formal_s2_seed630203,S2,630203,3,high,9,11,5,15,0.3333333333333333,10,0.0005208333333333333,1,1,1,1,1.0,0,0.0,0,0.0,1
m6a_v3_formal_s3_seed630300,S3,630300,0,severe,9,9,9,9,1.0,0,0.0,1,1,1,1,1.0,0,0.0,0,0.0,1
m6a_v3_formal_s3_seed630300,S3,630300,0,low,9,9,9,9,1.0,0,0.0,1,1,1,1,1.0,0,0.0,0,0.0,1
m6a_v3_formal_s3_seed630300,S3,630300,0,medium,9,9,9,9,1.0,0,0.0,1,1,1,1,1.0,0,0.0,0,0.0,1
m6a_v3_formal_s3_seed630300,S3,630300,0,high,9,9,9,9,1.0,0,0.0,1,1,1,1,1.0,0,0.0,0,0.0,1
m6a_v3_formal_s3_seed630300,S3,630300,1,severe,10,11,5,16,0.3125,11,0.0005729166666666667,1,1,1,1,1.0,0,0.0,0,0.0,1
m6a_v3_formal_s3_seed630300,S3,630300,1,low,10,11,5,16,0.3125,11,0.0005729166666666667,1,1,1,1,1.0,0,0.0,0,0.0,1
m6a_v3_formal_s3_seed630300,S3,630300,1,medium,10,11,5,16,0.3125,11,0.0005729166666666667,1,1,1,1,1.0,0,0.0,0,0.0,1
m6a_v3_formal_s3_seed630300,S3,630300,1,high,10,11,5,16,0.3125,11,0.0005729166666666667,1,1,1,1,1.0,0,0.0,0,0.0,1
m6a_v3_formal_s3_seed630300,S3,630300,2,severe,9,13,5,17,0.29411764705882354,12,0.000625,1,2,1,2,0.5,1,0.020833333333333332,1,0.020833333333333332,0
m6a_v3_formal_s3_seed630300,S3,630300,2,low,9,13,5,17,0.29411764705882354,12,0.000625,1,2,1,2,0.5,1,0.020833333333333332,1,0.020833333333333332,0
m6a_v3_formal_s3_seed630300,S3,630300,2,medium,9,13,5,17,0.29411764705882354,12,0.000625,1,2,1,2,0.5,1,0.020833333333333332,1,0.020833333333333332,0
m6a_v3_formal_s3_seed630300,S3,630300,2,high,9,13,5,17,0.29411764705882354,12,0.000625,1,2,1,2,0.5,1,0.020833333333333332,1,0.020833333333333332,0
m6a_v3_formal_s3_seed630300,S3,630300,3,severe,7,11,3,15,0.2,12,0.000625,1,1,1,1,1.0,0,0.0,0,0.0,1
m6a_v3_formal_s3_seed630300,S3,630300,3,low,7,11,3,15,0.2,12,0.000625,1,1,1,1,1.0,0,0.0,0,0.0,1
m6a_v3_formal_s3_seed630300,S3,630300,3,medium,7,11,3,15,0.2,12,0.000625,1,1,1,1,1.0,0,0.0,0,0.0,1
m6a_v3_formal_s3_seed630300,S3,630300,3,high,7,11,3,15,0.2,12,0.000625,1,1,1,1,1.0,0,0.0,0,0.0,1
m6a_v3_formal_s3_seed630301,S3,630301,0,severe,9,9,9,9,1.0,0,0.0,1,1,1,1,1.0,0,0.0,0,0.0,1
m6a_v3_formal_s3_seed630301,S3,630301,0,low,9,9,9,9,1.0,0,0.0,1,1,1,1,1.0,0,0.0,0,0.0,1
m6a_v3_formal_s3_seed630301,S3,630301,0,medium,9,9,9,9,1.0,0,0.0,1,1,1,1,1.0,0,0.0,0,0.0,1
m6a_v3_formal_s3_seed630301,S3,630301,0,high,9,9,9,9,1.0,0,0.0,1,1,1,1,1.0,0,0.0,0,0.0,1
m6a_v3_formal_s3_seed630301,S3,630301,1,severe,10,11,5,16,0.3125,11,0.0005729166666666667,1,1,1,1,1.0,0,0.0,0,0.0,1
m6a_v3_formal_s3_seed630301,S3,630301,1,low,10,11,5,16,0.3125,11,0.0005729166666666667,1,1,1,1,1.0,0,0.0,0,0.0,1
m6a_v3_formal_s3_seed630301,S3,630301,1,medium,10,11,5,16,0.3125,11,0.0005729166666666667,1,1,1,1,1.0,0,0.0,0,0.0,1
m6a_v3_formal_s3_seed630301,S3,630301,1,high,10,11,5,16,0.3125,11,0.0005729166666666667,1,1,1,1,1.0,0,0.0,0,0.0,1
m6a_v3_formal_s3_seed630301,S3,630301,2,severe,9,13,5,17,0.29411764705882354,12,0.000625,1,2,1,2,0.5,1,0.020833333333333332,1,0.020833333333333332,0
m6a_v3_formal_s3_seed630301,S3,630301,2,low,9,13,5,17,0.29411764705882354,12,0.000625,1,2,1,2,0.5,1,0.020833333333333332,1,0.020833333333333332,0
m6a_v3_formal_s3_seed630301,S3,630301,2,medium,9,13,5,17,0.29411764705882354,12,0.000625,1,2,1,2,0.5,1,0.020833333333333332,1,0.020833333333333332,0
m6a_v3_formal_s3_seed630301,S3,630301,2,high,9,13,5,17,0.29411764705882354,12,0.000625,1,2,1,2,0.5,1,0.020833333333333332,1,0.020833333333333332,0
m6a_v3_formal_s3_seed630301,S3,630301,3,severe,7,11,3,15,0.2,12,0.000625,1,1,1,1,1.0,0,0.0,0,0.0,1
m6a_v3_formal_s3_seed630301,S3,630301,3,low,7,11,3,15,0.2,12,0.000625,1,1,1,1,1.0,0,0.0,0,0.0,1
m6a_v3_formal_s3_seed630301,S3,630301,3,medium,7,11,3,15,0.2,12,0.000625,1,1,1,1,1.0,0,0.0,0,0.0,1
m6a_v3_formal_s3_seed630301,S3,630301,3,high,7,11,3,15,0.2,12,0.000625,1,1,1,1,1.0,0,0.0,0,0.0,1
m6a_v3_formal_s3_seed630302,S3,630302,0,severe,9,9,9,9,1.0,0,0.0,1,1,1,1,1.0,0,0.0,0,0.0,1
m6a_v3_formal_s3_seed630302,S3,630302,0,low,9,9,9,9,1.0,0,0.0,1,1,1,1,1.0,0,0.0,0,0.0,1
m6a_v3_formal_s3_seed630302,S3,630302,0,medium,9,9,9,9,1.0,0,0.0,1,1,1,1,1.0,0,0.0,0,0.0,1
m6a_v3_formal_s3_seed630302,S3,630302,0,high,9,9,9,9,1.0,0,0.0,1,1,1,1,1.0,0,0.0,0,0.0,1
m6a_v3_formal_s3_seed630302,S3,630302,1,severe,10,11,5,16,0.3125,11,0.0005729166666666667,1,1,1,1,1.0,0,0.0,0,0.0,1
m6a_v3_formal_s3_seed630302,S3,630302,1,low,10,11,5,16,0.3125,11,0.0005729166666666667,1,1,1,1,1.0,0,0.0,0,0.0,1
m6a_v3_formal_s3_seed630302,S3,630302,1,medium,10,11,5,16,0.3125,11,0.0005729166666666667,1,1,1,1,1.0,0,0.0,0,0.0,1
m6a_v3_formal_s3_seed630302,S3,630302,1,high,10,11,5,16,0.3125,11,0.0005729166666666667,1,1,1,1,1.0,0,0.0,0,0.0,1
m6a_v3_formal_s3_seed630302,S3,630302,2,severe,9,13,5,17,0.29411764705882354,12,0.000625,1,2,1,2,0.5,1,0.020833333333333332,1,0.020833333333333332,0
m6a_v3_formal_s3_seed630302,S3,630302,2,low,9,13,5,17,0.29411764705882354,12,0.000625,1,2,1,2,0.5,1,0.020833333333333332,1,0.020833333333333332,0
m6a_v3_formal_s3_seed630302,S3,630302,2,medium,9,13,5,17,0.29411764705882354,12,0.000625,1,2,1,2,0.5,1,0.020833333333333332,1,0.020833333333333332,0
m6a_v3_formal_s3_seed630302,S3,630302,2,high,9,13,5,17,0.29411764705882354,12,0.000625,1,2,1,2,0.5,1,0.020833333333333332,1,0.020833333333333332,0
m6a_v3_formal_s3_seed630302,S3,630302,3,severe,7,11,3,15,0.2,12,0.000625,1,1,1,1,1.0,0,0.0,0,0.0,1
m6a_v3_formal_s3_seed630302,S3,630302,3,low,7,11,3,15,0.2,12,0.000625,1,1,1,1,1.0,0,0.0,0,0.0,1
m6a_v3_formal_s3_seed630302,S3,630302,3,medium,7,11,3,15,0.2,12,0.000625,1,1,1,1,1.0,0,0.0,0,0.0,1
m6a_v3_formal_s3_seed630302,S3,630302,3,high,7,11,3,15,0.2,12,0.000625,1,1,1,1,1.0,0,0.0,0,0.0,1
m6a_v3_formal_s3_seed630303,S3,630303,0,severe,9,9,9,9,1.0,0,0.0,1,1,1,1,1.0,0,0.0,0,0.0,1
m6a_v3_formal_s3_seed630303,S3,630303,0,low,9,9,9,9,1.0,0,0.0,1,1,1,1,1.0,0,0.0,0,0.0,1
m6a_v3_formal_s3_seed630303,S3,630303,0,medium,9,9,9,9,1.0,0,0.0,1,1,1,1,1.0,0,0.0,0,0.0,1
m6a_v3_formal_s3_seed630303,S3,630303,0,high,9,9,9,9,1.0,0,0.0,1,1,1,1,1.0,0,0.0,0,0.0,1
m6a_v3_formal_s3_seed630303,S3,630303,1,severe,10,11,5,16,0.3125,11,0.0005729166666666667,1,1,1,1,1.0,0,0.0,0,0.0,1
m6a_v3_formal_s3_seed630303,S3,630303,1,low,10,11,5,16,0.3125,11,0.0005729166666666667,1,1,1,1,1.0,0,0.0,0,0.0,1
m6a_v3_formal_s3_seed630303,S3,630303,1,medium,10,11,5,16,0.3125,11,0.0005729166666666667,1,1,1,1,1.0,0,0.0,0,0.0,1
m6a_v3_formal_s3_seed630303,S3,630303,1,high,10,11,5,16,0.3125,11,0.0005729166666666667,1,1,1,1,1.0,0,0.0,0,0.0,1
m6a_v3_formal_s3_seed630303,S3,630303,2,severe,9,13,5,17,0.29411764705882354,12,0.000625,1,2,1,2,0.5,1,0.020833333333333332,1,0.020833333333333332,0
m6a_v3_formal_s3_seed630303,S3,630303,2,low,9,13,5,17,0.29411764705882354,12,0.000625,1,2,1,2,0.5,1,0.020833333333333332,1,0.020833333333333332,0
m6a_v3_formal_s3_seed630303,S3,630303,2,medium,9,13,5,17,0.29411764705882354,12,0.000625,1,2,1,2,0.5,1,0.020833333333333332,1,0.020833333333333332,0
m6a_v3_formal_s3_seed630303,S3,630303,2,high,9,13,5,17,0.29411764705882354,12,0.000625,1,2,1,2,0.5,1,0.020833333333333332,1,0.020833333333333332,0
m6a_v3_formal_s3_seed630303,S3,630303,3,severe,7,11,3,15,0.2,12,0.000625,1,1,1,1,1.0,0,0.0,0,0.0,1
m6a_v3_formal_s3_seed630303,S3,630303,3,low,7,11,3,15,0.2,12,0.000625,1,1,1,1,1.0,0,0.0,0,0.0,1
m6a_v3_formal_s3_seed630303,S3,630303,3,medium,7,11,3,15,0.2,12,0.000625,1,1,1,1,1.0,0,0.0,0,0.0,1
m6a_v3_formal_s3_seed630303,S3,630303,3,high,7,11,3,15,0.2,12,0.000625,1,1,1,1,1.0,0,0.0,0,0.0,1
m6a_v3_formal_s4_seed630400,S4,630400,0,severe,9,9,9,9,1.0,0,0.0,1,1,1,1,1.0,0,0.0,0,0.0,1
m6a_v3_formal_s4_seed630400,S4,630400,0,low,9,9,9,9,1.0,0,0.0,1,1,1,1,1.0,0,0.0,0,0.0,1
m6a_v3_formal_s4_seed630400,S4,630400,0,medium,9,9,9,9,1.0,0,0.0,1,1,1,1,1.0,0,0.0,0,0.0,1
m6a_v3_formal_s4_seed630400,S4,630400,0,high,9,9,9,9,1.0,0,0.0,1,1,1,1,1.0,0,0.0,0,0.0,1
m6a_v3_formal_s4_seed630400,S4,630400,1,severe,10,11,5,16,0.3125,11,0.0005729166666666667,2,2,2,2,1.0,0,0.0,0,0.0,1
m6a_v3_formal_s4_seed630400,S4,630400,1,low,10,11,5,16,0.3125,11,0.0005729166666666667,2,2,2,2,1.0,0,0.0,0,0.0,1
m6a_v3_formal_s4_seed630400,S4,630400,1,medium,10,11,5,16,0.3125,11,0.0005729166666666667,2,2,2,2,1.0,0,0.0,0,0.0,1
m6a_v3_formal_s4_seed630400,S4,630400,1,high,10,11,5,16,0.3125,11,0.0005729166666666667,2,2,2,2,1.0,0,0.0,0,0.0,1
m6a_v3_formal_s4_seed630400,S4,630400,2,severe,9,13,5,17,0.29411764705882354,12,0.000625,1,2,1,2,0.5,1,0.020833333333333332,1,0.020833333333333332,0
m6a_v3_formal_s4_seed630400,S4,630400,2,low,9,13,5,17,0.29411764705882354,12,0.000625,1,2,1,2,0.5,1,0.020833333333333332,1,0.020833333333333332,0
m6a_v3_formal_s4_seed630400,S4,630400,2,medium,9,13,5,17,0.29411764705882354,12,0.000625,1,2,1,2,0.5,1,0.020833333333333332,1,0.020833333333333332,0
m6a_v3_formal_s4_seed630400,S4,630400,2,high,9,13,5,17,0.29411764705882354,12,0.000625,1,2,1,2,0.5,1,0.020833333333333332,1,0.020833333333333332,0
m6a_v3_formal_s4_seed630400,S4,630400,3,severe,7,11,2,16,0.125,14,0.0007291666666666667,1,1,1,1,1.0,0,0.0,0,0.0,1
m6a_v3_formal_s4_seed630400,S4,630400,3,low,7,11,2,16,0.125,14,0.0007291666666666667,1,1,1,1,1.0,0,0.0,0,0.0,1
m6a_v3_formal_s4_seed630400,S4,630400,3,medium,7,11,2,16,0.125,14,0.0007291666666666667,1,1,1,1,1.0,0,0.0,0,0.0,1
m6a_v3_formal_s4_seed630400,S4,630400,3,high,7,11,2,16,0.125,14,0.0007291666666666667,1,1,1,1,1.0,0,0.0,0,0.0,1
m6a_v3_formal_s4_seed630401,S4,630401,0,severe,9,9,9,9,1.0,0,0.0,1,1,1,1,1.0,0,0.0,0,0.0,1
m6a_v3_formal_s4_seed630401,S4,630401,0,low,9,9,9,9,1.0,0,0.0,1,1,1,1,1.0,0,0.0,0,0.0,1
m6a_v3_formal_s4_seed630401,S4,630401,0,medium,9,9,9,9,1.0,0,0.0,1,1,1,1,1.0,0,0.0,0,0.0,1
m6a_v3_formal_s4_seed630401,S4,630401,0,high,9,9,9,9,1.0,0,0.0,1,1,1,1,1.0,0,0.0,0,0.0,1
m6a_v3_formal_s4_seed630401,S4,630401,1,severe,10,11,5,16,0.3125,11,0.0005729166666666667,2,2,2,2,1.0,0,0.0,0,0.0,1
m6a_v3_formal_s4_seed630401,S4,630401,1,low,10,11,5,16,0.3125,11,0.0005729166666666667,2,2,2,2,1.0,0,0.0,0,0.0,1
m6a_v3_formal_s4_seed630401,S4,630401,1,medium,10,11,5,16,0.3125,11,0.0005729166666666667,2,2,2,2,1.0,0,0.0,0,0.0,1
m6a_v3_formal_s4_seed630401,S4,630401,1,high,10,11,5,16,0.3125,11,0.0005729166666666667,2,2,2,2,1.0,0,0.0,0,0.0,1
m6a_v3_formal_s4_seed630401,S4,630401,2,severe,9,13,5,17,0.29411764705882354,12,0.000625,1,2,1,2,0.5,1,0.020833333333333332,1,0.020833333333333332,0
m6a_v3_formal_s4_seed630401,S4,630401,2,low,9,13,5,17,0.29411764705882354,12,0.000625,1,2,1,2,0.5,1,0.020833333333333332,1,0.020833333333333332,0
m6a_v3_formal_s4_seed630401,S4,630401,2,medium,9,13,5,17,0.29411764705882354,12,0.000625,1,2,1,2,0.5,1,0.020833333333333332,1,0.020833333333333332,0
m6a_v3_formal_s4_seed630401,S4,630401,2,high,9,13,5,17,0.29411764705882354,12,0.000625,1,2,1,2,0.5,1,0.020833333333333332,1,0.020833333333333332,0
m6a_v3_formal_s4_seed630401,S4,630401,3,severe,7,11,3,15,0.2,12,0.000625,1,1,1,1,1.0,0,0.0,0,0.0,1
m6a_v3_formal_s4_seed630401,S4,630401,3,low,7,11,3,15,0.2,12,0.000625,1,1,1,1,1.0,0,0.0,0,0.0,1
m6a_v3_formal_s4_seed630401,S4,630401,3,medium,7,11,3,15,0.2,12,0.000625,1,1,1,1,1.0,0,0.0,0,0.0,1
m6a_v3_formal_s4_seed630401,S4,630401,3,high,7,11,3,15,0.2,12,0.000625,1,1,1,1,1.0,0,0.0,0,0.0,1
m6a_v3_formal_s4_seed630402,S4,630402,0,severe,9,9,9,9,1.0,0,0.0,1,1,1,1,1.0,0,0.0,0,0.0,1
m6a_v3_formal_s4_seed630402,S4,630402,0,low,9,9,9,9,1.0,0,0.0,1,1,1,1,1.0,0,0.0,0,0.0,1
m6a_v3_formal_s4_seed630402,S4,630402,0,medium,9,9,9,9,1.0,0,0.0,1,1,1,1,1.0,0,0.0,0,0.0,1
m6a_v3_formal_s4_seed630402,S4,630402,0,high,9,9,9,9,1.0,0,0.0,1,1,1,1,1.0,0,0.0,0,0.0,1
m6a_v3_formal_s4_seed630402,S4,630402,1,severe,10,11,5,16,0.3125,11,0.0005729166666666667,2,2,2,2,1.0,0,0.0,0,0.0,1
m6a_v3_formal_s4_seed630402,S4,630402,1,low,10,11,5,16,0.3125,11,0.0005729166666666667,2,2,2,2,1.0,0,0.0,0,0.0,1
m6a_v3_formal_s4_seed630402,S4,630402,1,medium,10,11,5,16,0.3125,11,0.0005729166666666667,2,2,2,2,1.0,0,0.0,0,0.0,1
m6a_v3_formal_s4_seed630402,S4,630402,1,high,10,11,5,16,0.3125,11,0.0005729166666666667,2,2,2,2,1.0,0,0.0,0,0.0,1
m6a_v3_formal_s4_seed630402,S4,630402,2,severe,9,13,5,17,0.29411764705882354,12,0.000625,1,2,1,2,0.5,1,0.020833333333333332,1,0.020833333333333332,0
m6a_v3_formal_s4_seed630402,S4,630402,2,low,9,13,5,17,0.29411764705882354,12,0.000625,1,2,1,2,0.5,1,0.020833333333333332,1,0.020833333333333332,0
m6a_v3_formal_s4_seed630402,S4,630402,2,medium,9,13,5,17,0.29411764705882354,12,0.000625,1,2,1,2,0.5,1,0.020833333333333332,1,0.020833333333333332,0
m6a_v3_formal_s4_seed630402,S4,630402,2,high,9,13,5,17,0.29411764705882354,12,0.000625,1,2,1,2,0.5,1,0.020833333333333332,1,0.020833333333333332,0
m6a_v3_formal_s4_seed630402,S4,630402,3,severe,7,10,2,15,0.13333333333333333,13,0.0006770833333333334,1,1,1,1,1.0,0,0.0,0,0.0,1
m6a_v3_formal_s4_seed630402,S4,630402,3,low,7,10,2,15,0.13333333333333333,13,0.0006770833333333334,1,1,1,1,1.0,0,0.0,0,0.0,1
m6a_v3_formal_s4_seed630402,S4,630402,3,medium,7,10,2,15,0.13333333333333333,13,0.0006770833333333334,1,1,1,1,1.0,0,0.0,0,0.0,1
m6a_v3_formal_s4_seed630402,S4,630402,3,high,7,10,2,15,0.13333333333333333,13,0.0006770833333333334,1,1,1,1,1.0,0,0.0,0,0.0,1
m6a_v3_formal_s4_seed630403,S4,630403,0,severe,9,9,9,9,1.0,0,0.0,1,1,1,1,1.0,0,0.0,0,0.0,1
m6a_v3_formal_s4_seed630403,S4,630403,0,low,9,9,9,9,1.0,0,0.0,1,1,1,1,1.0,0,0.0,0,0.0,1
m6a_v3_formal_s4_seed630403,S4,630403,0,medium,9,9,9,9,1.0,0,0.0,1,1,1,1,1.0,0,0.0,0,0.0,1
m6a_v3_formal_s4_seed630403,S4,630403,0,high,9,9,9,9,1.0,0,0.0,1,1,1,1,1.0,0,0.0,0,0.0,1
m6a_v3_formal_s4_seed630403,S4,630403,1,severe,10,11,5,16,0.3125,11,0.0005729166666666667,2,2,2,2,1.0,0,0.0,0,0.0,1
m6a_v3_formal_s4_seed630403,S4,630403,1,low,10,11,5,16,0.3125,11,0.0005729166666666667,2,2,2,2,1.0,0,0.0,0,0.0,1
m6a_v3_formal_s4_seed630403,S4,630403,1,medium,10,11,5,16,0.3125,11,0.0005729166666666667,2,2,2,2,1.0,0,0.0,0,0.0,1
m6a_v3_formal_s4_seed630403,S4,630403,1,high,10,11,5,16,0.3125,11,0.0005729166666666667,2,2,2,2,1.0,0,0.0,0,0.0,1
m6a_v3_formal_s4_seed630403,S4,630403,2,severe,9,13,5,17,0.29411764705882354,12,0.000625,1,2,1,2,0.5,1,0.020833333333333332,1,0.020833333333333332,0
m6a_v3_formal_s4_seed630403,S4,630403,2,low,9,13,5,17,0.29411764705882354,12,0.000625,1,2,1,2,0.5,1,0.020833333333333332,1,0.020833333333333332,0
m6a_v3_formal_s4_seed630403,S4,630403,2,medium,9,13,5,17,0.29411764705882354,12,0.000625,1,2,1,2,0.5,1,0.020833333333333332,1,0.020833333333333332,0
m6a_v3_formal_s4_seed630403,S4,630403,2,high,9,13,5,17,0.29411764705882354,12,0.000625,1,2,1,2,0.5,1,0.020833333333333332,1,0.020833333333333332,0
m6a_v3_formal_s4_seed630403,S4,630403,3,severe,7,10,2,15,0.13333333333333333,13,0.0006770833333333334,1,1,1,1,1.0,0,0.0,0,0.0,1
m6a_v3_formal_s4_seed630403,S4,630403,3,low,7,10,2,15,0.13333333333333333,13,0.0006770833333333334,1,1,1,1,1.0,0,0.0,0,0.0,1
m6a_v3_formal_s4_seed630403,S4,630403,3,medium,7,10,2,15,0.13333333333333333,13,0.0006770833333333334,1,1,1,1,1.0,0,0.0,0,0.0,1
m6a_v3_formal_s4_seed630403,S4,630403,3,high,7,10,2,15,0.13333333333333333,13,0.0006770833333333334,1,1,1,1,1.0,0,0.0,0,0.0,1
m6a_v3_formal_s5_seed630500,S5,630500,0,severe,9,9,9,9,1.0,0,0.0,1,1,1,1,1.0,0,0.0,0,0.0,1
m6a_v3_formal_s5_seed630500,S5,630500,0,low,9,9,9,9,1.0,0,0.0,1,1,1,1,1.0,0,0.0,0,0.0,1
m6a_v3_formal_s5_seed630500,S5,630500,0,medium,9,9,9,9,1.0,0,0.0,1,1,1,1,1.0,0,0.0,0,0.0,1
m6a_v3_formal_s5_seed630500,S5,630500,0,high,9,9,9,9,1.0,0,0.0,1,1,1,1,1.0,0,0.0,0,0.0,1
m6a_v3_formal_s5_seed630500,S5,630500,1,severe,6,6,6,6,1.0,0,0.0,1,1,1,1,1.0,0,0.0,0,0.0,1
m6a_v3_formal_s5_seed630500,S5,630500,1,low,6,6,6,6,1.0,0,0.0,1,1,1,1,1.0,0,0.0,0,0.0,1
m6a_v3_formal_s5_seed630500,S5,630500,1,medium,6,6,6,6,1.0,0,0.0,1,1,1,1,1.0,0,0.0,0,0.0,1
m6a_v3_formal_s5_seed630500,S5,630500,1,high,6,6,6,6,1.0,0,0.0,1,1,1,1,1.0,0,0.0,0,0.0,1
m6a_v3_formal_s5_seed630500,S5,630500,2,severe,9,9,9,9,1.0,0,0.0,1,1,1,1,1.0,0,0.0,0,0.0,1
m6a_v3_formal_s5_seed630500,S5,630500,2,low,9,9,9,9,1.0,0,0.0,1,1,1,1,1.0,0,0.0,0,0.0,1
m6a_v3_formal_s5_seed630500,S5,630500,2,medium,9,9,9,9,1.0,0,0.0,1,1,1,1,1.0,0,0.0,0,0.0,1
m6a_v3_formal_s5_seed630500,S5,630500,2,high,9,9,9,9,1.0,0,0.0,1,1,1,1,1.0,0,0.0,0,0.0,1
m6a_v3_formal_s5_seed630500,S5,630500,3,severe,9,7,3,13,0.23076923076923078,10,0.0005208333333333333,1,1,1,1,1.0,0,0.0,0,0.0,1
m6a_v3_formal_s5_seed630500,S5,630500,3,low,9,7,3,13,0.23076923076923078,10,0.0005208333333333333,1,1,1,1,1.0,0,0.0,0,0.0,1
m6a_v3_formal_s5_seed630500,S5,630500,3,medium,9,7,3,13,0.23076923076923078,10,0.0005208333333333333,1,1,1,1,1.0,0,0.0,0,0.0,1
m6a_v3_formal_s5_seed630500,S5,630500,3,high,9,7,3,13,0.23076923076923078,10,0.0005208333333333333,1,1,1,1,1.0,0,0.0,0,0.0,1
m6a_v3_formal_s5_seed630501,S5,630501,0,severe,9,9,9,9,1.0,0,0.0,1,1,1,1,1.0,0,0.0,0,0.0,1
m6a_v3_formal_s5_seed630501,S5,630501,0,low,9,9,9,9,1.0,0,0.0,1,1,1,1,1.0,0,0.0,0,0.0,1
m6a_v3_formal_s5_seed630501,S5,630501,0,medium,9,9,9,9,1.0,0,0.0,1,1,1,1,1.0,0,0.0,0,0.0,1
m6a_v3_formal_s5_seed630501,S5,630501,0,high,9,9,9,9,1.0,0,0.0,1,1,1,1,1.0,0,0.0,0,0.0,1
m6a_v3_formal_s5_seed630501,S5,630501,1,severe,6,6,6,6,1.0,0,0.0,1,1,1,1,1.0,0,0.0,0,0.0,1
m6a_v3_formal_s5_seed630501,S5,630501,1,low,6,6,6,6,1.0,0,0.0,1,1,1,1,1.0,0,0.0,0,0.0,1
m6a_v3_formal_s5_seed630501,S5,630501,1,medium,6,6,6,6,1.0,0,0.0,1,1,1,1,1.0,0,0.0,0,0.0,1
m6a_v3_formal_s5_seed630501,S5,630501,1,high,6,6,6,6,1.0,0,0.0,1,1,1,1,1.0,0,0.0,0,0.0,1
m6a_v3_formal_s5_seed630501,S5,630501,2,severe,9,9,9,9,1.0,0,0.0,1,1,1,1,1.0,0,0.0,48,1.0,0
m6a_v3_formal_s5_seed630501,S5,630501,2,low,9,9,9,9,1.0,0,0.0,1,1,1,1,1.0,0,0.0,0,0.0,1
m6a_v3_formal_s5_seed630501,S5,630501,2,medium,9,9,9,9,1.0,0,0.0,1,1,1,1,1.0,0,0.0,0,0.0,1
m6a_v3_formal_s5_seed630501,S5,630501,2,high,9,9,9,9,1.0,0,0.0,1,1,1,1,1.0,0,0.0,0,0.0,1
m6a_v3_formal_s5_seed630501,S5,630501,3,severe,9,7,3,13,0.23076923076923078,10,0.0005208333333333333,1,1,1,1,1.0,0,0.0,0,0.0,1
m6a_v3_formal_s5_seed630501,S5,630501,3,low,9,7,3,13,0.23076923076923078,10,0.0005208333333333333,1,1,1,1,1.0,0,0.0,0,0.0,1
m6a_v3_formal_s5_seed630501,S5,630501,3,medium,9,7,3,13,0.23076923076923078,10,0.0005208333333333333,1,1,1,1,1.0,0,0.0,0,0.0,1
m6a_v3_formal_s5_seed630501,S5,630501,3,high,9,7,3,13,0.23076923076923078,10,0.0005208333333333333,1,1,1,1,1.0,0,0.0,0,0.0,1
m6a_v3_formal_s5_seed630502,S5,630502,0,severe,9,9,9,9,1.0,0,0.0,1,1,1,1,1.0,0,0.0,0,0.0,1
m6a_v3_formal_s5_seed630502,S5,630502,0,low,9,9,9,9,1.0,0,0.0,1,1,1,1,1.0,0,0.0,0,0.0,1
m6a_v3_formal_s5_seed630502,S5,630502,0,medium,9,9,9,9,1.0,0,0.0,1,1,1,1,1.0,0,0.0,0,0.0,1
m6a_v3_formal_s5_seed630502,S5,630502,0,high,9,9,9,9,1.0,0,0.0,1,1,1,1,1.0,0,0.0,0,0.0,1
m6a_v3_formal_s5_seed630502,S5,630502,1,severe,6,6,6,6,1.0,0,0.0,1,1,1,1,1.0,0,0.0,0,0.0,1
m6a_v3_formal_s5_seed630502,S5,630502,1,low,6,6,6,6,1.0,0,0.0,1,1,1,1,1.0,0,0.0,0,0.0,1
m6a_v3_formal_s5_seed630502,S5,630502,1,medium,6,6,6,6,1.0,0,0.0,1,1,1,1,1.0,0,0.0,0,0.0,1
m6a_v3_formal_s5_seed630502,S5,630502,1,high,6,6,6,6,1.0,0,0.0,1,1,1,1,1.0,0,0.0,0,0.0,1
m6a_v3_formal_s5_seed630502,S5,630502,2,severe,9,9,9,9,1.0,0,0.0,1,1,1,1,1.0,0,0.0,48,1.0,0
m6a_v3_formal_s5_seed630502,S5,630502,2,low,9,9,9,9,1.0,0,0.0,1,1,1,1,1.0,0,0.0,0,0.0,1
m6a_v3_formal_s5_seed630502,S5,630502,2,medium,9,9,9,9,1.0,0,0.0,1,1,1,1,1.0,0,0.0,0,0.0,1
m6a_v3_formal_s5_seed630502,S5,630502,2,high,9,9,9,9,1.0,0,0.0,1,1,1,1,1.0,0,0.0,0,0.0,1
m6a_v3_formal_s5_seed630502,S5,630502,3,severe,9,7,3,13,0.23076923076923078,10,0.0005208333333333333,1,1,1,1,1.0,0,0.0,0,0.0,1
m6a_v3_formal_s5_seed630502,S5,630502,3,low,9,7,3,13,0.23076923076923078,10,0.0005208333333333333,1,1,1,1,1.0,0,0.0,0,0.0,1
m6a_v3_formal_s5_seed630502,S5,630502,3,medium,9,7,3,13,0.23076923076923078,10,0.0005208333333333333,1,1,1,1,1.0,0,0.0,0,0.0,1
m6a_v3_formal_s5_seed630502,S5,630502,3,high,9,7,3,13,0.23076923076923078,10,0.0005208333333333333,1,1,1,1,1.0,0,0.0,0,0.0,1
m6a_v3_formal_s5_seed630503,S5,630503,0,severe,9,9,9,9,1.0,0,0.0,1,1,1,1,1.0,0,0.0,0,0.0,1
m6a_v3_formal_s5_seed630503,S5,630503,0,low,9,9,9,9,1.0,0,0.0,1,1,1,1,1.0,0,0.0,0,0.0,1
m6a_v3_formal_s5_seed630503,S5,630503,0,medium,9,9,9,9,1.0,0,0.0,1,1,1,1,1.0,0,0.0,0,0.0,1
m6a_v3_formal_s5_seed630503,S5,630503,0,high,9,9,9,9,1.0,0,0.0,1,1,1,1,1.0,0,0.0,0,0.0,1
m6a_v3_formal_s5_seed630503,S5,630503,1,severe,6,6,6,6,1.0,0,0.0,1,1,1,1,1.0,0,0.0,0,0.0,1
m6a_v3_formal_s5_seed630503,S5,630503,1,low,6,6,6,6,1.0,0,0.0,1,1,1,1,1.0,0,0.0,0,0.0,1
m6a_v3_formal_s5_seed630503,S5,630503,1,medium,6,6,6,6,1.0,0,0.0,1,1,1,1,1.0,0,0.0,0,0.0,1
m6a_v3_formal_s5_seed630503,S5,630503,1,high,6,6,6,6,1.0,0,0.0,1,1,1,1,1.0,0,0.0,0,0.0,1
m6a_v3_formal_s5_seed630503,S5,630503,2,severe,9,9,9,9,1.0,0,0.0,1,1,1,1,1.0,0,0.0,48,1.0,0
m6a_v3_formal_s5_seed630503,S5,630503,2,low,9,9,9,9,1.0,0,0.0,1,1,1,1,1.0,0,0.0,0,0.0,1
m6a_v3_formal_s5_seed630503,S5,630503,2,medium,9,9,9,9,1.0,0,0.0,1,1,1,1,1.0,0,0.0,0,0.0,1
m6a_v3_formal_s5_seed630503,S5,630503,2,high,9,9,9,9,1.0,0,0.0,1,1,1,1,1.0,0,0.0,0,0.0,1
m6a_v3_formal_s5_seed630503,S5,630503,3,severe,9,7,3,13,0.23076923076923078,10,0.0005208333333333333,1,1,1,1,1.0,0,0.0,0,0.0,1
m6a_v3_formal_s5_seed630503,S5,630503,3,low,9,7,3,13,0.23076923076923078,10,0.0005208333333333333,1,1,1,1,1.0,0,0.0,0,0.0,1
m6a_v3_formal_s5_seed630503,S5,630503,3,medium,9,7,3,13,0.23076923076923078,10,0.0005208333333333333,1,1,1,1,1.0,0,0.0,0,0.0,1
m6a_v3_formal_s5_seed630503,S5,630503,3,high,9,7,3,13,0.23076923076923078,10,0.0005208333333333333,1,1,1,1,1.0,0,0.0,0,0.0,1
m6a_v3_formal_s6_seed630600,S6,630600,0,severe,9,9,9,9,1.0,0,0.0,1,1,1,1,1.0,0,0.0,0,0.0,1
m6a_v3_formal_s6_seed630600,S6,630600,0,low,9,9,9,9,1.0,0,0.0,1,1,1,1,1.0,0,0.0,0,0.0,1
m6a_v3_formal_s6_seed630600,S6,630600,0,medium,9,9,9,9,1.0,0,0.0,1,1,1,1,1.0,0,0.0,0,0.0,1
m6a_v3_formal_s6_seed630600,S6,630600,0,high,9,9,9,9,1.0,0,0.0,1,1,1,1,1.0,0,0.0,0,0.0,1
m6a_v3_formal_s6_seed630600,S6,630600,1,severe,9,9,9,9,1.0,0,0.0,1,1,1,1,1.0,0,0.0,48,1.0,0
m6a_v3_formal_s6_seed630600,S6,630600,1,low,9,9,9,9,1.0,0,0.0,1,1,1,1,1.0,0,0.0,0,0.0,1
m6a_v3_formal_s6_seed630600,S6,630600,1,medium,9,9,9,9,1.0,0,0.0,1,1,1,1,1.0,0,0.0,0,0.0,1
m6a_v3_formal_s6_seed630600,S6,630600,1,high,9,9,9,9,1.0,0,0.0,1,1,1,1,1.0,0,0.0,0,0.0,1
m6a_v3_formal_s6_seed630600,S6,630600,2,severe,9,9,9,9,1.0,0,0.0,2,2,2,2,1.0,0,0.0,0,0.0,1
m6a_v3_formal_s6_seed630600,S6,630600,2,low,9,9,9,9,1.0,0,0.0,2,2,2,2,1.0,0,0.0,0,0.0,1
m6a_v3_formal_s6_seed630600,S6,630600,2,medium,9,9,9,9,1.0,0,0.0,2,2,2,2,1.0,0,0.0,0,0.0,1
m6a_v3_formal_s6_seed630600,S6,630600,2,high,9,9,9,9,1.0,0,0.0,2,2,2,2,1.0,0,0.0,0,0.0,1
m6a_v3_formal_s6_seed630600,S6,630600,3,severe,9,11,5,15,0.3333333333333333,10,0.0005208333333333333,1,1,1,1,1.0,0,0.0,0,0.0,1
m6a_v3_formal_s6_seed630600,S6,630600,3,low,9,11,5,15,0.3333333333333333,10,0.0005208333333333333,1,1,1,1,1.0,0,0.0,0,0.0,1
m6a_v3_formal_s6_seed630600,S6,630600,3,medium,9,11,5,15,0.3333333333333333,10,0.0005208333333333333,1,1,1,1,1.0,0,0.0,0,0.0,1
m6a_v3_formal_s6_seed630600,S6,630600,3,high,9,11,5,15,0.3333333333333333,10,0.0005208333333333333,1,1,1,1,1.0,0,0.0,0,0.0,1
m6a_v3_formal_s6_seed630601,S6,630601,0,severe,9,9,9,9,1.0,0,0.0,1,1,1,1,1.0,0,0.0,0,0.0,1
m6a_v3_formal_s6_seed630601,S6,630601,0,low,9,9,9,9,1.0,0,0.0,1,1,1,1,1.0,0,0.0,0,0.0,1
m6a_v3_formal_s6_seed630601,S6,630601,0,medium,9,9,9,9,1.0,0,0.0,1,1,1,1,1.0,0,0.0,0,0.0,1
m6a_v3_formal_s6_seed630601,S6,630601,0,high,9,9,9,9,1.0,0,0.0,1,1,1,1,1.0,0,0.0,0,0.0,1
m6a_v3_formal_s6_seed630601,S6,630601,1,severe,9,9,9,9,1.0,0,0.0,1,1,1,1,1.0,0,0.0,0,0.0,1
m6a_v3_formal_s6_seed630601,S6,630601,1,low,9,9,9,9,1.0,0,0.0,1,1,1,1,1.0,0,0.0,0,0.0,1
m6a_v3_formal_s6_seed630601,S6,630601,1,medium,9,9,9,9,1.0,0,0.0,1,1,1,1,1.0,0,0.0,0,0.0,1
m6a_v3_formal_s6_seed630601,S6,630601,1,high,9,9,9,9,1.0,0,0.0,1,1,1,1,1.0,0,0.0,0,0.0,1
m6a_v3_formal_s6_seed630601,S6,630601,2,severe,9,9,9,9,1.0,0,0.0,2,2,2,2,1.0,0,0.0,0,0.0,1
m6a_v3_formal_s6_seed630601,S6,630601,2,low,9,9,9,9,1.0,0,0.0,2,2,2,2,1.0,0,0.0,0,0.0,1
m6a_v3_formal_s6_seed630601,S6,630601,2,medium,9,9,9,9,1.0,0,0.0,2,2,2,2,1.0,0,0.0,0,0.0,1
m6a_v3_formal_s6_seed630601,S6,630601,2,high,9,9,9,9,1.0,0,0.0,2,2,2,2,1.0,0,0.0,0,0.0,1
m6a_v3_formal_s6_seed630601,S6,630601,3,severe,9,11,5,15,0.3333333333333333,10,0.0005208333333333333,1,1,1,1,1.0,0,0.0,0,0.0,1
m6a_v3_formal_s6_seed630601,S6,630601,3,low,9,11,5,15,0.3333333333333333,10,0.0005208333333333333,1,1,1,1,1.0,0,0.0,0,0.0,1
m6a_v3_formal_s6_seed630601,S6,630601,3,medium,9,11,5,15,0.3333333333333333,10,0.0005208333333333333,1,1,1,1,1.0,0,0.0,0,0.0,1
m6a_v3_formal_s6_seed630601,S6,630601,3,high,9,11,5,15,0.3333333333333333,10,0.0005208333333333333,1,1,1,1,1.0,0,0.0,0,0.0,1
m6a_v3_formal_s6_seed630602,S6,630602,0,severe,9,9,9,9,1.0,0,0.0,1,1,1,1,1.0,0,0.0,0,0.0,1
m6a_v3_formal_s6_seed630602,S6,630602,0,low,9,9,9,9,1.0,0,0.0,1,1,1,1,1.0,0,0.0,0,0.0,1
m6a_v3_formal_s6_seed630602,S6,630602,0,medium,9,9,9,9,1.0,0,0.0,1,1,1,1,1.0,0,0.0,0,0.0,1
m6a_v3_formal_s6_seed630602,S6,630602,0,high,9,9,9,9,1.0,0,0.0,1,1,1,1,1.0,0,0.0,0,0.0,1
m6a_v3_formal_s6_seed630602,S6,630602,1,severe,9,9,9,9,1.0,0,0.0,1,1,1,1,1.0,0,0.0,48,1.0,0
m6a_v3_formal_s6_seed630602,S6,630602,1,low,9,9,9,9,1.0,0,0.0,1,1,1,1,1.0,0,0.0,0,0.0,1
m6a_v3_formal_s6_seed630602,S6,630602,1,medium,9,9,9,9,1.0,0,0.0,1,1,1,1,1.0,0,0.0,0,0.0,1
m6a_v3_formal_s6_seed630602,S6,630602,1,high,9,9,9,9,1.0,0,0.0,1,1,1,1,1.0,0,0.0,0,0.0,1
m6a_v3_formal_s6_seed630602,S6,630602,2,severe,9,9,9,9,1.0,0,0.0,2,2,2,2,1.0,0,0.0,0,0.0,1
m6a_v3_formal_s6_seed630602,S6,630602,2,low,9,9,9,9,1.0,0,0.0,2,2,2,2,1.0,0,0.0,0,0.0,1
m6a_v3_formal_s6_seed630602,S6,630602,2,medium,9,9,9,9,1.0,0,0.0,2,2,2,2,1.0,0,0.0,0,0.0,1
m6a_v3_formal_s6_seed630602,S6,630602,2,high,9,9,9,9,1.0,0,0.0,2,2,2,2,1.0,0,0.0,0,0.0,1
m6a_v3_formal_s6_seed630602,S6,630602,3,severe,9,11,5,15,0.3333333333333333,10,0.0005208333333333333,1,1,1,1,1.0,0,0.0,0,0.0,1
m6a_v3_formal_s6_seed630602,S6,630602,3,low,9,11,5,15,0.3333333333333333,10,0.0005208333333333333,1,1,1,1,1.0,0,0.0,0,0.0,1
m6a_v3_formal_s6_seed630602,S6,630602,3,medium,9,11,5,15,0.3333333333333333,10,0.0005208333333333333,1,1,1,1,1.0,0,0.0,0,0.0,1
m6a_v3_formal_s6_seed630602,S6,630602,3,high,9,11,5,15,0.3333333333333333,10,0.0005208333333333333,1,1,1,1,1.0,0,0.0,0,0.0,1
m6a_v3_formal_s6_seed630603,S6,630603,0,severe,9,9,9,9,1.0,0,0.0,1,1,1,1,1.0,0,0.0,0,0.0,1
m6a_v3_formal_s6_seed630603,S6,630603,0,low,9,9,9,9,1.0,0,0.0,1,1,1,1,1.0,0,0.0,0,0.0,1
m6a_v3_formal_s6_seed630603,S6,630603,0,medium,9,9,9,9,1.0,0,0.0,1,1,1,1,1.0,0,0.0,0,0.0,1
m6a_v3_formal_s6_seed630603,S6,630603,0,high,9,9,9,9,1.0,0,0.0,1,1,1,1,1.0,0,0.0,0,0.0,1
m6a_v3_formal_s6_seed630603,S6,630603,1,severe,9,9,9,9,1.0,0,0.0,1,1,1,1,1.0,0,0.0,0,0.0,1
m6a_v3_formal_s6_seed630603,S6,630603,1,low,9,9,9,9,1.0,0,0.0,1,1,1,1,1.0,0,0.0,0,0.0,1
m6a_v3_formal_s6_seed630603,S6,630603,1,medium,9,9,9,9,1.0,0,0.0,1,1,1,1,1.0,0,0.0,0,0.0,1
m6a_v3_formal_s6_seed630603,S6,630603,1,high,9,9,9,9,1.0,0,0.0,1,1,1,1,1.0,0,0.0,0,0.0,1
m6a_v3_formal_s6_seed630603,S6,630603,2,severe,9,9,9,9,1.0,0,0.0,2,2,2,2,1.0,0,0.0,0,0.0,1
m6a_v3_formal_s6_seed630603,S6,630603,2,low,9,9,9,9,1.0,0,0.0,2,2,2,2,1.0,0,0.0,0,0.0,1
m6a_v3_formal_s6_seed630603,S6,630603,2,medium,9,9,9,9,1.0,0,0.0,2,2,2,2,1.0,0,0.0,0,0.0,1
m6a_v3_formal_s6_seed630603,S6,630603,2,high,9,9,9,9,1.0,0,0.0,2,2,2,2,1.0,0,0.0,0,0.0,1
m6a_v3_formal_s6_seed630603,S6,630603,3,severe,9,11,5,15,0.3333333333333333,10,0.0005208333333333333,1,1,1,1,1.0,0,0.0,0,0.0,1
m6a_v3_formal_s6_seed630603,S6,630603,3,low,9,11,5,15,0.3333333333333333,10,0.0005208333333333333,1,1,1,1,1.0,0,0.0,0,0.0,1
m6a_v3_formal_s6_seed630603,S6,630603,3,medium,9,11,5,15,0.3333333333333333,10,0.0005208333333333333,1,1,1,1,1.0,0,0.0,0,0.0,1
m6a_v3_formal_s6_seed630603,S6,630603,3,high,9,11,5,15,0.3333333333333333,10,0.0005208333333333333,1,1,1,1,1.0,0,0.0,0,0.0,1
m6a_v3_formal_s7_seed630700,S7,630700,0,severe,9,9,9,9,1.0,0,0.0,1,1,1,1,1.0,0,0.0,48,1.0,0
m6a_v3_formal_s7_seed630700,S7,630700,0,low,9,9,9,9,1.0,0,0.0,1,1,1,1,1.0,0,0.0,0,0.0,1
m6a_v3_formal_s7_seed630700,S7,630700,0,medium,9,9,9,9,1.0,0,0.0,1,1,1,1,1.0,0,0.0,0,0.0,1
m6a_v3_formal_s7_seed630700,S7,630700,0,high,9,9,9,9,1.0,0,0.0,1,1,1,1,1.0,0,0.0,0,0.0,1
m6a_v3_formal_s7_seed630700,S7,630700,1,severe,9,9,9,9,1.0,0,0.0,1,1,1,1,1.0,0,0.0,48,1.0,0
m6a_v3_formal_s7_seed630700,S7,630700,1,low,9,9,9,9,1.0,0,0.0,1,1,1,1,1.0,0,0.0,0,0.0,1
m6a_v3_formal_s7_seed630700,S7,630700,1,medium,9,9,9,9,1.0,0,0.0,1,1,1,1,1.0,0,0.0,0,0.0,1
m6a_v3_formal_s7_seed630700,S7,630700,1,high,9,9,9,9,1.0,0,0.0,1,1,1,1,1.0,0,0.0,0,0.0,1
m6a_v3_formal_s7_seed630700,S7,630700,2,severe,9,9,9,9,1.0,0,0.0,2,2,2,2,1.0,0,0.0,0,0.0,1
m6a_v3_formal_s7_seed630700,S7,630700,2,low,9,9,9,9,1.0,0,0.0,2,2,2,2,1.0,0,0.0,0,0.0,1
m6a_v3_formal_s7_seed630700,S7,630700,2,medium,9,9,9,9,1.0,0,0.0,2,2,2,2,1.0,0,0.0,0,0.0,1
m6a_v3_formal_s7_seed630700,S7,630700,2,high,9,9,9,9,1.0,0,0.0,2,2,2,2,1.0,0,0.0,0,0.0,1
m6a_v3_formal_s7_seed630700,S7,630700,3,severe,9,11,5,15,0.3333333333333333,10,0.0005208333333333333,1,1,1,1,1.0,0,0.0,0,0.0,1
m6a_v3_formal_s7_seed630700,S7,630700,3,low,9,11,5,15,0.3333333333333333,10,0.0005208333333333333,1,1,1,1,1.0,0,0.0,0,0.0,1
m6a_v3_formal_s7_seed630700,S7,630700,3,medium,9,11,5,15,0.3333333333333333,10,0.0005208333333333333,1,1,1,1,1.0,0,0.0,0,0.0,1
m6a_v3_formal_s7_seed630700,S7,630700,3,high,9,11,5,15,0.3333333333333333,10,0.0005208333333333333,1,1,1,1,1.0,0,0.0,0,0.0,1
m6a_v3_formal_s7_seed630701,S7,630701,0,severe,9,9,9,9,1.0,0,0.0,1,1,1,1,1.0,0,0.0,48,1.0,0
m6a_v3_formal_s7_seed630701,S7,630701,0,low,9,9,9,9,1.0,0,0.0,1,1,1,1,1.0,0,0.0,0,0.0,1
m6a_v3_formal_s7_seed630701,S7,630701,0,medium,9,9,9,9,1.0,0,0.0,1,1,1,1,1.0,0,0.0,0,0.0,1
m6a_v3_formal_s7_seed630701,S7,630701,0,high,9,9,9,9,1.0,0,0.0,1,1,1,1,1.0,0,0.0,0,0.0,1
m6a_v3_formal_s7_seed630701,S7,630701,1,severe,9,9,9,9,1.0,0,0.0,1,1,1,1,1.0,0,0.0,0,0.0,1
m6a_v3_formal_s7_seed630701,S7,630701,1,low,9,9,9,9,1.0,0,0.0,1,1,1,1,1.0,0,0.0,0,0.0,1
m6a_v3_formal_s7_seed630701,S7,630701,1,medium,9,9,9,9,1.0,0,0.0,1,1,1,1,1.0,0,0.0,0,0.0,1
m6a_v3_formal_s7_seed630701,S7,630701,1,high,9,9,9,9,1.0,0,0.0,1,1,1,1,1.0,0,0.0,0,0.0,1
m6a_v3_formal_s7_seed630701,S7,630701,2,severe,9,9,9,9,1.0,0,0.0,2,2,2,2,1.0,0,0.0,0,0.0,1
m6a_v3_formal_s7_seed630701,S7,630701,2,low,9,9,9,9,1.0,0,0.0,2,2,2,2,1.0,0,0.0,0,0.0,1
m6a_v3_formal_s7_seed630701,S7,630701,2,medium,9,9,9,9,1.0,0,0.0,2,2,2,2,1.0,0,0.0,0,0.0,1
m6a_v3_formal_s7_seed630701,S7,630701,2,high,9,9,9,9,1.0,0,0.0,2,2,2,2,1.0,0,0.0,0,0.0,1
m6a_v3_formal_s7_seed630701,S7,630701,3,severe,9,11,5,15,0.3333333333333333,10,0.0005208333333333333,1,1,1,1,1.0,0,0.0,0,0.0,1
m6a_v3_formal_s7_seed630701,S7,630701,3,low,9,11,5,15,0.3333333333333333,10,0.0005208333333333333,1,1,1,1,1.0,0,0.0,0,0.0,1
m6a_v3_formal_s7_seed630701,S7,630701,3,medium,9,11,5,15,0.3333333333333333,10,0.0005208333333333333,1,1,1,1,1.0,0,0.0,0,0.0,1
m6a_v3_formal_s7_seed630701,S7,630701,3,high,9,11,5,15,0.3333333333333333,10,0.0005208333333333333,1,1,1,1,1.0,0,0.0,0,0.0,1
m6a_v3_formal_s7_seed630702,S7,630702,0,severe,9,9,9,9,1.0,0,0.0,1,1,1,1,1.0,0,0.0,0,0.0,1
m6a_v3_formal_s7_seed630702,S7,630702,0,low,9,9,9,9,1.0,0,0.0,1,1,1,1,1.0,0,0.0,0,0.0,1
m6a_v3_formal_s7_seed630702,S7,630702,0,medium,9,9,9,9,1.0,0,0.0,1,1,1,1,1.0,0,0.0,0,0.0,1
m6a_v3_formal_s7_seed630702,S7,630702,0,high,9,9,9,9,1.0,0,0.0,1,1,1,1,1.0,0,0.0,0,0.0,1
m6a_v3_formal_s7_seed630702,S7,630702,1,severe,9,9,9,9,1.0,0,0.0,1,1,1,1,1.0,0,0.0,0,0.0,1
m6a_v3_formal_s7_seed630702,S7,630702,1,low,9,9,9,9,1.0,0,0.0,1,1,1,1,1.0,0,0.0,48,1.0,0
m6a_v3_formal_s7_seed630702,S7,630702,1,medium,9,9,9,9,1.0,0,0.0,1,1,1,1,1.0,0,0.0,0,0.0,1
m6a_v3_formal_s7_seed630702,S7,630702,1,high,9,9,9,9,1.0,0,0.0,1,1,1,1,1.0,0,0.0,0,0.0,1
m6a_v3_formal_s7_seed630702,S7,630702,2,severe,9,9,9,9,1.0,0,0.0,2,2,2,2,1.0,0,0.0,0,0.0,1
m6a_v3_formal_s7_seed630702,S7,630702,2,low,9,9,9,9,1.0,0,0.0,2,2,2,2,1.0,0,0.0,0,0.0,1
m6a_v3_formal_s7_seed630702,S7,630702,2,medium,9,9,9,9,1.0,0,0.0,2,2,2,2,1.0,0,0.0,0,0.0,1
m6a_v3_formal_s7_seed630702,S7,630702,2,high,9,9,9,9,1.0,0,0.0,2,2,2,2,1.0,0,0.0,0,0.0,1
m6a_v3_formal_s7_seed630702,S7,630702,3,severe,9,11,5,15,0.3333333333333333,10,0.0005208333333333333,1,1,1,1,1.0,0,0.0,0,0.0,1
m6a_v3_formal_s7_seed630702,S7,630702,3,low,9,11,5,15,0.3333333333333333,10,0.0005208333333333333,1,1,1,1,1.0,0,0.0,0,0.0,1
m6a_v3_formal_s7_seed630702,S7,630702,3,medium,9,11,5,15,0.3333333333333333,10,0.0005208333333333333,1,1,1,1,1.0,0,0.0,0,0.0,1
m6a_v3_formal_s7_seed630702,S7,630702,3,high,9,11,5,15,0.3333333333333333,10,0.0005208333333333333,1,1,1,1,1.0,0,0.0,0,0.0,1
m6a_v3_formal_s7_seed630703,S7,630703,0,severe,9,9,9,9,1.0,0,0.0,1,1,1,1,1.0,0,0.0,0,0.0,1
m6a_v3_formal_s7_seed630703,S7,630703,0,low,9,9,9,9,1.0,0,0.0,1,1,1,1,1.0,0,0.0,0,0.0,1
m6a_v3_formal_s7_seed630703,S7,630703,0,medium,9,9,9,9,1.0,0,0.0,1,1,1,1,1.0,0,0.0,0,0.0,1
m6a_v3_formal_s7_seed630703,S7,630703,0,high,9,9,9,9,1.0,0,0.0,1,1,1,1,1.0,0,0.0,0,0.0,1
m6a_v3_formal_s7_seed630703,S7,630703,1,severe,9,9,9,9,1.0,0,0.0,1,1,1,1,1.0,0,0.0,0,0.0,1
m6a_v3_formal_s7_seed630703,S7,630703,1,low,9,9,9,9,1.0,0,0.0,1,1,1,1,1.0,0,0.0,0,0.0,1
m6a_v3_formal_s7_seed630703,S7,630703,1,medium,9,9,9,9,1.0,0,0.0,1,1,1,1,1.0,0,0.0,0,0.0,1
m6a_v3_formal_s7_seed630703,S7,630703,1,high,9,9,9,9,1.0,0,0.0,1,1,1,1,1.0,0,0.0,0,0.0,1
m6a_v3_formal_s7_seed630703,S7,630703,2,severe,9,9,9,9,1.0,0,0.0,2,2,2,2,1.0,0,0.0,0,0.0,1
m6a_v3_formal_s7_seed630703,S7,630703,2,low,9,9,9,9,1.0,0,0.0,2,2,2,2,1.0,0,0.0,0,0.0,1
m6a_v3_formal_s7_seed630703,S7,630703,2,medium,9,9,9,9,1.0,0,0.0,2,2,2,2,1.0,0,0.0,0,0.0,1
m6a_v3_formal_s7_seed630703,S7,630703,2,high,9,9,9,9,1.0,0,0.0,2,2,2,2,1.0,0,0.0,0,0.0,1
m6a_v3_formal_s7_seed630703,S7,630703,3,severe,9,11,5,15,0.3333333333333333,10,0.0005208333333333333,1,1,1,1,1.0,0,0.0,0,0.0,1
m6a_v3_formal_s7_seed630703,S7,630703,3,low,9,11,5,15,0.3333333333333333,10,0.0005208333333333333,1,1,1,1,1.0,0,0.0,0,0.0,1
m6a_v3_formal_s7_seed630703,S7,630703,3,medium,9,11,5,15,0.3333333333333333,10,0.0005208333333333333,1,1,1,1,1.0,0,0.0,0,0.0,1
m6a_v3_formal_s7_seed630703,S7,630703,3,high,9,11,5,15,0.3333333333333333,10,0.0005208333333333333,1,1,1,1,1.0,0,0.0,0,0.0,1
m6a_v3_formal_s8_seed630800,S8,630800,0,severe,9,9,9,9,1.0,0,0.0,1,1,1,1,1.0,0,0.0,0,0.0,1
m6a_v3_formal_s8_seed630800,S8,630800,0,low,9,9,9,9,1.0,0,0.0,1,1,1,1,1.0,0,0.0,0,0.0,1
m6a_v3_formal_s8_seed630800,S8,630800,0,medium,9,9,9,9,1.0,0,0.0,1,1,1,1,1.0,0,0.0,0,0.0,1
m6a_v3_formal_s8_seed630800,S8,630800,0,high,9,9,9,9,1.0,0,0.0,1,1,1,1,1.0,0,0.0,0,0.0,1
m6a_v3_formal_s8_seed630800,S8,630800,1,severe,9,9,9,9,1.0,0,0.0,1,1,1,1,1.0,0,0.0,0,0.0,1
m6a_v3_formal_s8_seed630800,S8,630800,1,low,9,9,9,9,1.0,0,0.0,1,1,1,1,1.0,0,0.0,0,0.0,1
m6a_v3_formal_s8_seed630800,S8,630800,1,medium,9,9,9,9,1.0,0,0.0,1,1,1,1,1.0,0,0.0,0,0.0,1
m6a_v3_formal_s8_seed630800,S8,630800,1,high,9,9,9,9,1.0,0,0.0,1,1,1,1,1.0,0,0.0,0,0.0,1
m6a_v3_formal_s8_seed630800,S8,630800,2,severe,9,9,9,9,1.0,0,0.0,2,2,2,2,1.0,0,0.0,0,0.0,1
m6a_v3_formal_s8_seed630800,S8,630800,2,low,9,9,9,9,1.0,0,0.0,2,2,2,2,1.0,0,0.0,0,0.0,1
m6a_v3_formal_s8_seed630800,S8,630800,2,medium,9,9,9,9,1.0,0,0.0,2,2,2,2,1.0,0,0.0,0,0.0,1
m6a_v3_formal_s8_seed630800,S8,630800,2,high,9,9,9,9,1.0,0,0.0,2,2,2,2,1.0,0,0.0,0,0.0,1
m6a_v3_formal_s8_seed630800,S8,630800,3,severe,9,9,9,9,1.0,0,0.0,1,1,1,1,1.0,0,0.0,0,0.0,1
m6a_v3_formal_s8_seed630800,S8,630800,3,low,9,9,9,9,1.0,0,0.0,1,1,1,1,1.0,0,0.0,0,0.0,1
m6a_v3_formal_s8_seed630800,S8,630800,3,medium,9,9,9,9,1.0,0,0.0,1,1,1,1,1.0,0,0.0,0,0.0,1
m6a_v3_formal_s8_seed630800,S8,630800,3,high,9,9,9,9,1.0,0,0.0,1,1,1,1,1.0,0,0.0,0,0.0,1
m6a_v3_formal_s8_seed630801,S8,630801,0,severe,9,9,9,9,1.0,0,0.0,1,1,1,1,1.0,0,0.0,0,0.0,1
m6a_v3_formal_s8_seed630801,S8,630801,0,low,9,9,9,9,1.0,0,0.0,1,1,1,1,1.0,0,0.0,0,0.0,1
m6a_v3_formal_s8_seed630801,S8,630801,0,medium,9,9,9,9,1.0,0,0.0,1,1,1,1,1.0,0,0.0,0,0.0,1
m6a_v3_formal_s8_seed630801,S8,630801,0,high,9,9,9,9,1.0,0,0.0,1,1,1,1,1.0,0,0.0,0,0.0,1
m6a_v3_formal_s8_seed630801,S8,630801,1,severe,9,9,9,9,1.0,0,0.0,1,1,1,1,1.0,0,0.0,0,0.0,1
m6a_v3_formal_s8_seed630801,S8,630801,1,low,9,9,9,9,1.0,0,0.0,1,1,1,1,1.0,0,0.0,0,0.0,1
m6a_v3_formal_s8_seed630801,S8,630801,1,medium,9,9,9,9,1.0,0,0.0,1,1,1,1,1.0,0,0.0,0,0.0,1
m6a_v3_formal_s8_seed630801,S8,630801,1,high,9,9,9,9,1.0,0,0.0,1,1,1,1,1.0,0,0.0,0,0.0,1
m6a_v3_formal_s8_seed630801,S8,630801,2,severe,9,9,9,9,1.0,0,0.0,2,2,2,2,1.0,0,0.0,0,0.0,1
m6a_v3_formal_s8_seed630801,S8,630801,2,low,9,9,9,9,1.0,0,0.0,2,2,2,2,1.0,0,0.0,0,0.0,1
m6a_v3_formal_s8_seed630801,S8,630801,2,medium,9,9,9,9,1.0,0,0.0,2,2,2,2,1.0,0,0.0,0,0.0,1
m6a_v3_formal_s8_seed630801,S8,630801,2,high,9,9,9,9,1.0,0,0.0,2,2,2,2,1.0,0,0.0,0,0.0,1
m6a_v3_formal_s8_seed630801,S8,630801,3,severe,9,9,9,9,1.0,0,0.0,1,1,1,1,1.0,0,0.0,0,0.0,1
m6a_v3_formal_s8_seed630801,S8,630801,3,low,9,9,9,9,1.0,0,0.0,1,1,1,1,1.0,0,0.0,0,0.0,1
m6a_v3_formal_s8_seed630801,S8,630801,3,medium,9,9,9,9,1.0,0,0.0,1,1,1,1,1.0,0,0.0,0,0.0,1
m6a_v3_formal_s8_seed630801,S8,630801,3,high,9,9,9,9,1.0,0,0.0,1,1,1,1,1.0,0,0.0,0,0.0,1
m6a_v3_formal_s8_seed630802,S8,630802,0,severe,9,9,9,9,1.0,0,0.0,1,1,1,1,1.0,0,0.0,0,0.0,1
m6a_v3_formal_s8_seed630802,S8,630802,0,low,9,9,9,9,1.0,0,0.0,1,1,1,1,1.0,0,0.0,0,0.0,1
m6a_v3_formal_s8_seed630802,S8,630802,0,medium,9,9,9,9,1.0,0,0.0,1,1,1,1,1.0,0,0.0,0,0.0,1
m6a_v3_formal_s8_seed630802,S8,630802,0,high,9,9,9,9,1.0,0,0.0,1,1,1,1,1.0,0,0.0,0,0.0,1
m6a_v3_formal_s8_seed630802,S8,630802,1,severe,9,9,9,9,1.0,0,0.0,1,1,1,1,1.0,0,0.0,0,0.0,1
m6a_v3_formal_s8_seed630802,S8,630802,1,low,9,9,9,9,1.0,0,0.0,1,1,1,1,1.0,0,0.0,0,0.0,1
m6a_v3_formal_s8_seed630802,S8,630802,1,medium,9,9,9,9,1.0,0,0.0,1,1,1,1,1.0,0,0.0,0,0.0,1
m6a_v3_formal_s8_seed630802,S8,630802,1,high,9,9,9,9,1.0,0,0.0,1,1,1,1,1.0,0,0.0,0,0.0,1
m6a_v3_formal_s8_seed630802,S8,630802,2,severe,9,9,9,9,1.0,0,0.0,2,2,2,2,1.0,0,0.0,0,0.0,1
m6a_v3_formal_s8_seed630802,S8,630802,2,low,9,9,9,9,1.0,0,0.0,2,2,2,2,1.0,0,0.0,0,0.0,1
m6a_v3_formal_s8_seed630802,S8,630802,2,medium,9,9,9,9,1.0,0,0.0,2,2,2,2,1.0,0,0.0,0,0.0,1
m6a_v3_formal_s8_seed630802,S8,630802,2,high,9,9,9,9,1.0,0,0.0,2,2,2,2,1.0,0,0.0,0,0.0,1
m6a_v3_formal_s8_seed630802,S8,630802,3,severe,9,9,9,9,1.0,0,0.0,1,1,1,1,1.0,0,0.0,0,0.0,1
m6a_v3_formal_s8_seed630802,S8,630802,3,low,9,9,9,9,1.0,0,0.0,1,1,1,1,1.0,0,0.0,0,0.0,1
m6a_v3_formal_s8_seed630802,S8,630802,3,medium,9,9,9,9,1.0,0,0.0,1,1,1,1,1.0,0,0.0,0,0.0,1
m6a_v3_formal_s8_seed630802,S8,630802,3,high,9,9,9,9,1.0,0,0.0,1,1,1,1,1.0,0,0.0,0,0.0,1
m6a_v3_formal_s8_seed630803,S8,630803,0,severe,9,9,9,9,1.0,0,0.0,1,1,1,1,1.0,0,0.0,0,0.0,1
m6a_v3_formal_s8_seed630803,S8,630803,0,low,9,9,9,9,1.0,0,0.0,1,1,1,1,1.0,0,0.0,0,0.0,1
m6a_v3_formal_s8_seed630803,S8,630803,0,medium,9,9,9,9,1.0,0,0.0,1,1,1,1,1.0,0,0.0,0,0.0,1
m6a_v3_formal_s8_seed630803,S8,630803,0,high,9,9,9,9,1.0,0,0.0,1,1,1,1,1.0,0,0.0,0,0.0,1
m6a_v3_formal_s8_seed630803,S8,630803,1,severe,9,9,9,9,1.0,0,0.0,1,1,1,1,1.0,0,0.0,0,0.0,1
m6a_v3_formal_s8_seed630803,S8,630803,1,low,9,9,9,9,1.0,0,0.0,1,1,1,1,1.0,0,0.0,0,0.0,1
m6a_v3_formal_s8_seed630803,S8,630803,1,medium,9,9,9,9,1.0,0,0.0,1,1,1,1,1.0,0,0.0,0,0.0,1
m6a_v3_formal_s8_seed630803,S8,630803,1,high,9,9,9,9,1.0,0,0.0,1,1,1,1,1.0,0,0.0,0,0.0,1
m6a_v3_formal_s8_seed630803,S8,630803,2,severe,9,9,9,9,1.0,0,0.0,2,2,2,2,1.0,0,0.0,0,0.0,1
m6a_v3_formal_s8_seed630803,S8,630803,2,low,9,9,9,9,1.0,0,0.0,2,2,2,2,1.0,0,0.0,0,0.0,1
m6a_v3_formal_s8_seed630803,S8,630803,2,medium,9,9,9,9,1.0,0,0.0,2,2,2,2,1.0,0,0.0,0,0.0,1
m6a_v3_formal_s8_seed630803,S8,630803,2,high,9,9,9,9,1.0,0,0.0,2,2,2,2,1.0,0,0.0,0,0.0,1
m6a_v3_formal_s8_seed630803,S8,630803,3,severe,9,9,9,9,1.0,0,0.0,1,1,1,1,1.0,0,0.0,0,0.0,1
m6a_v3_formal_s8_seed630803,S8,630803,3,low,9,9,9,9,1.0,0,0.0,1,1,1,1,1.0,0,0.0,0,0.0,1
m6a_v3_formal_s8_seed630803,S8,630803,3,medium,9,9,9,9,1.0,0,0.0,1,1,1,1,1.0,0,0.0,0,0.0,1
m6a_v3_formal_s8_seed630803,S8,630803,3,high,9,9,9,9,1.0,0,0.0,1,1,1,1,1.0,0,0.0,0,0.0,1
