episode_id,scene,seed,method,budget,eligible_instances,recalled_instances,absolute_tcobr,mean_critical_region_psnr_db,mean_eligible_boundary_psnr_db,mean_critical_tile_payload_bytes,mean_critical_boundary_high_quality_coverage
m6a_v3_formal_s1_seed630100,S1,630100,command_conditioned_risk_roi,high,0,0,,39.931520405416094,,16070.5,0.0
m6a_v3_formal_s1_seed630100,S1,630100,command_conditioned_risk_roi,low,0,0,,36.86293598675209,,15826.5,0.0
m6a_v3_formal_s1_seed630100,S1,630100,command_conditioned_risk_roi,medium,0,0,,39.931520405416094,,16070.5,0.0
m6a_v3_formal_s1_seed630100,S1,630100,command_conditioned_risk_roi,severe,0,0,,26.808063698339076,,15474.0,0.0
m6a_v3_formal_s1_seed630100,S1,630100,state_only_risk_roi,high,0,0,,39.931520405416094,,16070.5,0.0
m6a_v3_formal_s1_seed630100,S1,630100,state_only_risk_roi,low,0,0,,36.86293598675209,,15826.5,0.0
m6a_v3_formal_s1_seed630100,S1,630100,state_only_risk_roi,medium,0,0,,39.931520405416094,,16070.5,0.0
m6a_v3_formal_s1_seed630100,S1,630100,state_only_risk_roi,severe,0,0,,26.808063698339076,,15474.0,0.0
m6a_v3_formal_s1_seed630101,S1,630101,command_conditioned_risk_roi,high,0,0,,38.532503369125465,,18107.0,0.0
m6a_v3_formal_s1_seed630101,S1,630101,command_conditioned_risk_roi,low,0,0,,34.89573018160517,,17690.5,0.0
m6a_v3_formal_s1_seed630101,S1,630101,command_conditioned_risk_roi,medium,0,0,,38.532503369125465,,18107.0,0.0
m6a_v3_formal_s1_seed630101,S1,630101,command_conditioned_risk_roi,severe,0,0,,26.672474822896852,,17402.0,0.0
m6a_v3_formal_s1_seed630101,S1,630101,state_only_risk_roi,high,0,0,,38.532503369125465,,18107.0,0.0
m6a_v3_formal_s1_seed630101,S1,630101,state_only_risk_roi,low,0,0,,34.89573018160517,,17690.5,0.0
m6a_v3_formal_s1_seed630101,S1,630101,state_only_risk_roi,medium,0,0,,38.532503369125465,,18107.0,0.0
m6a_v3_formal_s1_seed630101,S1,630101,state_only_risk_roi,severe,0,0,,26.672474822896852,,17402.0,0.0
m6a_v3_formal_s1_seed630102,S1,630102,command_conditioned_risk_roi,high,0,0,,40.92638860687008,,16227.5,0.0
m6a_v3_formal_s1_seed630102,S1,630102,command_conditioned_risk_roi,low,0,0,,35.13529527608207,,15767.0,0.0
m6a_v3_formal_s1_seed630102,S1,630102,command_conditioned_risk_roi,medium,0,0,,38.79215392089655,,16138.5,0.0
m6a_v3_formal_s1_seed630102,S1,630102,command_conditioned_risk_roi,severe,0,0,,26.324346131002738,,15482.0,0.0
m6a_v3_formal_s1_seed630102,S1,630102,state_only_risk_roi,high,0,0,,40.92638860687008,,16227.5,0.0
m6a_v3_formal_s1_seed630102,S1,630102,state_only_risk_roi,low,0,0,,35.13529527608207,,15767.0,0.0
m6a_v3_formal_s1_seed630102,S1,630102,state_only_risk_roi,medium,0,0,,38.79215392089655,,16138.5,0.0
m6a_v3_formal_s1_seed630102,S1,630102,state_only_risk_roi,severe,0,0,,26.324346131002738,,15482.0,0.0
m6a_v3_formal_s1_seed630103,S1,630103,command_conditioned_risk_roi,high,0,0,,42.74053861543932,,18098.0,0.0
m6a_v3_formal_s1_seed630103,S1,630103,command_conditioned_risk_roi,low,0,0,,37.332075107390104,,17680.5,0.0
m6a_v3_formal_s1_seed630103,S1,630103,command_conditioned_risk_roi,medium,0,0,,42.74053861543932,,18098.0,0.0
m6a_v3_formal_s1_seed630103,S1,630103,command_conditioned_risk_roi,severe,0,0,,26.173549759351097,,17399.5,0.0
m6a_v3_formal_s1_seed630103,S1,630103,state_only_risk_roi,high,0,0,,42.74053861543932,,18098.0,0.0
m6a_v3_formal_s1_seed630103,S1,630103,state_only_risk_roi,low,0,0,,37.332075107390104,,17680.5,0.0
m6a_v3_formal_s1_seed630103,S1,630103,state_only_risk_roi,medium,0,0,,42.74053861543932,,18098.0,0.0
m6a_v3_formal_s1_seed630103,S1,630103,state_only_risk_roi,severe,0,0,,26.173549759351097,,17399.5,0.0
m6a_v3_formal_s2_seed630200,S2,630200,command_conditioned_risk_roi,high,1,1,1.0,35.179802721622295,21.84368855054883,4372.0,0.0
m6a_v3_formal_s2_seed630200,S2,630200,command_conditioned_risk_roi,low,1,1,1.0,31.433693493867526,19.068020413879708,4040.0,0.0
m6a_v3_formal_s2_seed630200,S2,630200,command_conditioned_risk_roi,medium,1,1,1.0,33.151095599298365,20.474640850799673,4147.0,0.0
m6a_v3_formal_s2_seed630200,S2,630200,command_conditioned_risk_roi,severe,1,1,1.0,23.264969261245767,15.233897265759861,3888.0,0.0
m6a_v3_formal_s2_seed630200,S2,630200,state_only_risk_roi,high,1,1,1.0,35.179802721622295,21.84368855054883,4372.0,0.0
m6a_v3_formal_s2_seed630200,S2,630200,state_only_risk_roi,low,1,1,1.0,31.433693493867526,19.068020413879708,4040.0,0.0
m6a_v3_formal_s2_seed630200,S2,630200,state_only_risk_roi,medium,1,1,1.0,33.151095599298365,20.474640850799673,4147.0,0.0
m6a_v3_formal_s2_seed630200,S2,630200,state_only_risk_roi,severe,1,1,1.0,23.264969261245767,15.233897265759861,3888.0,0.0
m6a_v3_formal_s2_seed630201,S2,630201,command_conditioned_risk_roi,high,1,1,1.0,35.58811916013494,23.711409651071982,4395.0,0.0
m6a_v3_formal_s2_seed630201,S2,630201,command_conditioned_risk_roi,low,1,1,1.0,32.413153793625106,21.370374102636163,4058.0,0.0
m6a_v3_formal_s2_seed630201,S2,630201,command_conditioned_risk_roi,medium,1,1,1.0,33.746976033313445,21.7660360898604,4164.0,0.0
m6a_v3_formal_s2_seed630201,S2,630201,command_conditioned_risk_roi,severe,1,1,1.0,23.434137111090244,14.548302780215783,3889.0,0.0
m6a_v3_formal_s2_seed630201,S2,630201,state_only_risk_roi,high,1,1,1.0,35.58811916013494,23.711409651071982,4395.0,0.0
m6a_v3_formal_s2_seed630201,S2,630201,state_only_risk_roi,low,1,1,1.0,32.413153793625106,21.370374102636163,4058.0,0.0
m6a_v3_formal_s2_seed630201,S2,630201,state_only_risk_roi,medium,1,1,1.0,33.746976033313445,21.7660360898604,4164.0,0.0
m6a_v3_formal_s2_seed630201,S2,630201,state_only_risk_roi,severe,1,1,1.0,25.84548435861953,15.836658939789878,3921.0,0.0
m6a_v3_formal_s2_seed630202,S2,630202,command_conditioned_risk_roi,high,1,1,1.0,36.108814032790264,22.75156376413157,5879.0,0.15
m6a_v3_formal_s2_seed630202,S2,630202,command_conditioned_risk_roi,low,1,1,1.0,26.527801195165445,17.374178462898115,5214.0,0.15
m6a_v3_formal_s2_seed630202,S2,630202,command_conditioned_risk_roi,medium,1,1,1.0,33.30212188657527,20.69296309003253,5523.0,0.15
m6a_v3_formal_s2_seed630202,S2,630202,command_conditioned_risk_roi,severe,1,1,1.0,23.761006899915284,15.186325062658668,5174.0,0.15
m6a_v3_formal_s2_seed630202,S2,630202,state_only_risk_roi,high,1,1,1.0,36.108814032790264,22.75156376413157,5879.0,0.15
m6a_v3_formal_s2_seed630202,S2,630202,state_only_risk_roi,low,1,1,1.0,32.16989272974291,20.170266604653705,5382.0,0.15
m6a_v3_formal_s2_seed630202,S2,630202,state_only_risk_roi,medium,1,1,1.0,33.30212188657527,20.69296309003253,5523.0,0.15
m6a_v3_formal_s2_seed630202,S2,630202,state_only_risk_roi,severe,1,1,1.0,23.761006899915284,15.186325062658668,5174.0,0.15
m6a_v3_formal_s2_seed630203,S2,630203,command_conditioned_risk_roi,high,1,1,1.0,35.893633126028455,25.049508942452828,5845.0,0.08333333333333333
m6a_v3_formal_s2_seed630203,S2,630203,command_conditioned_risk_roi,low,1,1,1.0,31.05257229389131,19.841639917929573,5363.0,0.08333333333333333
m6a_v3_formal_s2_seed630203,S2,630203,command_conditioned_risk_roi,medium,1,0,0.0,32.834513401168486,21.599482794442928,5498.0,0.08333333333333333
m6a_v3_formal_s2_seed630203,S2,630203,command_conditioned_risk_roi,severe,1,0,0.0,24.95397897651045,17.412119851153854,5172.0,0.08333333333333333
m6a_v3_formal_s2_seed630203,S2,630203,state_only_risk_roi,high,1,1,1.0,35.893633126028455,25.049508942452828,5845.0,0.08333333333333333
m6a_v3_formal_s2_seed630203,S2,630203,state_only_risk_roi,low,1,1,1.0,31.05257229389131,19.841639917929573,5363.0,0.08333333333333333
m6a_v3_formal_s2_seed630203,S2,630203,state_only_risk_roi,medium,1,0,0.0,32.834513401168486,21.599482794442928,5498.0,0.08333333333333333
m6a_v3_formal_s2_seed630203,S2,630203,state_only_risk_roi,severe,1,0,0.0,24.95397897651045,17.412119851153854,5172.0,0.08333333333333333
m6a_v3_formal_s3_seed630300,S3,630300,command_conditioned_risk_roi,high,1,1,1.0,39.73292364159144,30.68689574686178,16249.5,0.0625
m6a_v3_formal_s3_seed630300,S3,630300,command_conditioned_risk_roi,low,1,1,1.0,34.35481304191259,24.890981733853614,15810.0,0.0625
m6a_v3_formal_s3_seed630300,S3,630300,command_conditioned_risk_roi,medium,1,1,1.0,39.73292364159144,30.68689574686178,16249.5,0.0625
m6a_v3_formal_s3_seed630300,S3,630300,command_conditioned_risk_roi,severe,1,1,1.0,25.556840326540392,20.03032759916822,15517.5,0.0625
m6a_v3_formal_s3_seed630300,S3,630300,state_only_risk_roi,high,1,1,1.0,39.65033357457957,30.091114072322576,16201.0,0.01875
m6a_v3_formal_s3_seed630300,S3,630300,state_only_risk_roi,low,1,1,1.0,34.29550807571097,24.232647978559335,15798.0,0.01875
m6a_v3_formal_s3_seed630300,S3,630300,state_only_risk_roi,medium,1,1,1.0,39.65033357457957,30.091114072322576,16201.0,0.01875
m6a_v3_formal_s3_seed630300,S3,630300,state_only_risk_roi,severe,1,1,1.0,25.50284733204922,19.408682260911824,15505.5,0.01875
m6a_v3_formal_s3_seed630301,S3,630301,command_conditioned_risk_roi,high,1,1,1.0,38.49004093040929,31.349444690367886,18210.5,0.0
m6a_v3_formal_s3_seed630301,S3,630301,command_conditioned_risk_roi,low,1,1,1.0,33.496073088370636,24.215724418401038,17764.5,0.0
m6a_v3_formal_s3_seed630301,S3,630301,command_conditioned_risk_roi,medium,1,1,1.0,38.49004093040929,31.349444690367886,18210.5,0.0
m6a_v3_formal_s3_seed630301,S3,630301,command_conditioned_risk_roi,severe,1,1,1.0,25.42686420170294,17.804947378223666,17427.5,0.0
m6a_v3_formal_s3_seed630301,S3,630301,state_only_risk_roi,high,1,1,1.0,38.46964279212963,31.349444690367886,18204.5,0.0
m6a_v3_formal_s3_seed630301,S3,630301,state_only_risk_roi,low,1,1,1.0,33.4933307908236,24.215724418401038,17764.0,0.0
m6a_v3_formal_s3_seed630301,S3,630301,state_only_risk_roi,medium,1,1,1.0,38.46964279212963,31.349444690367886,18204.5,0.0
m6a_v3_formal_s3_seed630301,S3,630301,state_only_risk_roi,severe,1,1,1.0,25.383265761556,17.804947378223666,17427.0,0.0
m6a_v3_formal_s3_seed630302,S3,630302,command_conditioned_risk_roi,high,1,1,1.0,42.162852790011875,30.665315540530685,16243.5,0.06962025316455696
m6a_v3_formal_s3_seed630302,S3,630302,command_conditioned_risk_roi,low,1,1,1.0,36.030532593210545,24.68381402515258,15805.5,0.06962025316455696
m6a_v3_formal_s3_seed630302,S3,630302,command_conditioned_risk_roi,medium,1,1,1.0,42.162852790011875,30.665315540530685,16243.5,0.06962025316455696
m6a_v3_formal_s3_seed630302,S3,630302,command_conditioned_risk_roi,severe,1,1,1.0,25.504981303853793,20.924710275945458,15523.5,0.06962025316455696
m6a_v3_formal_s3_seed630302,S3,630302,state_only_risk_roi,high,1,1,1.0,42.080150345704524,30.06528326611194,16195.0,0.02531645569620253
m6a_v3_formal_s3_seed630302,S3,630302,state_only_risk_roi,low,1,1,1.0,35.97907468746393,24.046614806403714,15793.5,0.02531645569620253
m6a_v3_formal_s3_seed630302,S3,630302,state_only_risk_roi,medium,1,1,1.0,42.080150345704524,30.06528326611194,16195.0,0.02531645569620253
m6a_v3_formal_s3_seed630302,S3,630302,state_only_risk_roi,severe,1,1,1.0,25.445356279751007,20.16386026485703,15511.5,0.02531645569620253
m6a_v3_formal_s3_seed630303,S3,630303,command_conditioned_risk_roi,high,1,1,1.0,42.479529486272135,30.48157376218022,18270.0,0.35
m6a_v3_formal_s3_seed630303,S3,630303,command_conditioned_risk_roi,low,1,1,1.0,38.180790160487845,29.3147835308528,17830.5,0.35
m6a_v3_formal_s3_seed630303,S3,630303,command_conditioned_risk_roi,medium,1,1,1.0,42.479529486272135,30.48157376218022,18270.0,0.35
m6a_v3_formal_s3_seed630303,S3,630303,command_conditioned_risk_roi,severe,1,1,1.0,26.010864339410595,19.89373303470351,17467.0,0.35
m6a_v3_formal_s3_seed630303,S3,630303,state_only_risk_roi,high,1,1,1.0,42.30302179607746,30.18360009051074,18205.0,0.3071428571428571
m6a_v3_formal_s3_seed630303,S3,630303,state_only_risk_roi,low,1,1,1.0,38.09279700624314,28.684567069012452,17815.5,0.3071428571428571
m6a_v3_formal_s3_seed630303,S3,630303,state_only_risk_roi,medium,1,1,1.0,42.30302179607746,30.18360009051074,18205.0,0.3071428571428571
m6a_v3_formal_s3_seed630303,S3,630303,state_only_risk_roi,severe,1,1,1.0,25.955991651829095,19.564780466954762,17453.0,0.3071428571428571
m6a_v3_formal_s4_seed630400,S4,630400,command_conditioned_risk_roi,high,1,1,1.0,35.58150158456475,29.877541268360158,4337.0,0.0
m6a_v3_formal_s4_seed630400,S4,630400,command_conditioned_risk_roi,low,1,1,1.0,30.154572861584604,25.06875354590704,4087.5,0.0
m6a_v3_formal_s4_seed630400,S4,630400,command_conditioned_risk_roi,medium,1,1,1.0,32.54741587171359,25.49353273840424,4208.0,0.0
m6a_v3_formal_s4_seed630400,S4,630400,command_conditioned_risk_roi,severe,1,1,1.0,21.623042017296463,21.270861321393024,3905.0,0.0
m6a_v3_formal_s4_seed630400,S4,630400,state_only_risk_roi,high,1,1,1.0,35.58150158456475,29.877541268360158,4337.0,0.0
m6a_v3_formal_s4_seed630400,S4,630400,state_only_risk_roi,low,1,1,1.0,30.154572861584604,25.06875354590704,4087.5,0.0
m6a_v3_formal_s4_seed630400,S4,630400,state_only_risk_roi,medium,1,1,1.0,32.54741587171359,25.49353273840424,4208.0,0.0
m6a_v3_formal_s4_seed630400,S4,630400,state_only_risk_roi,severe,1,1,1.0,21.623042017296463,21.270861321393024,3905.0,0.0
m6a_v3_formal_s4_seed630401,S4,630401,command_conditioned_risk_roi,high,0,0,,35.83977097453291,,4230.0,0.0
m6a_v3_formal_s4_seed630401,S4,630401,command_conditioned_risk_roi,low,0,0,,31.443852496171036,,4023.0,0.0
m6a_v3_formal_s4_seed630401,S4,630401,command_conditioned_risk_roi,medium,0,0,,34.00756435304971,,4118.5,0.0
m6a_v3_formal_s4_seed630401,S4,630401,command_conditioned_risk_roi,severe,0,0,,24.47795836305434,,3887.0,0.0
m6a_v3_formal_s4_seed630401,S4,630401,state_only_risk_roi,high,0,0,,35.83977097453291,,4230.0,0.0
m6a_v3_formal_s4_seed630401,S4,630401,state_only_risk_roi,low,0,0,,31.443852496171036,,4023.0,0.0
m6a_v3_formal_s4_seed630401,S4,630401,state_only_risk_roi,medium,0,0,,34.00756435304971,,4118.5,0.0
m6a_v3_formal_s4_seed630401,S4,630401,state_only_risk_roi,severe,0,0,,24.47795836305434,,3887.0,0.0
m6a_v3_formal_s4_seed630402,S4,630402,command_conditioned_risk_roi,high,1,1,1.0,35.53514123611509,30.065773712634027,6158.5,0.0
m6a_v3_formal_s4_seed630402,S4,630402,command_conditioned_risk_roi,low,1,1,1.0,31.13470587531845,23.038938455575014,5959.0,0.0
m6a_v3_formal_s4_seed630402,S4,630402,command_conditioned_risk_roi,medium,1,1,1.0,33.183236235589334,26.27814846051445,6052.0,0.0
m6a_v3_formal_s4_seed630402,S4,630402,command_conditioned_risk_roi,severe,1,1,1.0,24.636909200438275,19.061747940408914,5810.5,0.0
m6a_v3_formal_s4_seed630402,S4,630402,state_only_risk_roi,high,1,1,1.0,35.53514123611509,30.065773712634027,6158.5,0.0
m6a_v3_formal_s4_seed630402,S4,630402,state_only_risk_roi,low,1,1,1.0,31.13470587531845,23.038938455575014,5959.0,0.0
m6a_v3_formal_s4_seed630402,S4,630402,state_only_risk_roi,medium,1,1,1.0,33.183236235589334,26.27814846051445,6052.0,0.0
m6a_v3_formal_s4_seed630402,S4,630402,state_only_risk_roi,severe,1,1,1.0,24.636909200438275,19.061747940408914,5810.5,0.0
m6a_v3_formal_s4_seed630403,S4,630403,command_conditioned_risk_roi,high,0,0,,36.953560371976,,6216.5,0.0
m6a_v3_formal_s4_seed630403,S4,630403,command_conditioned_risk_roi,low,0,0,,33.58460485478188,,5980.0,0.0
m6a_v3_formal_s4_seed630403,S4,630403,command_conditioned_risk_roi,medium,0,0,,34.89931261864939,,6092.0,0.0
m6a_v3_formal_s4_seed630403,S4,630403,command_conditioned_risk_roi,severe,0,0,,24.51536977317787,,5825.0,0.0
m6a_v3_formal_s4_seed630403,S4,630403,state_only_risk_roi,high,0,0,,36.953560371976,,6216.5,0.0
m6a_v3_formal_s4_seed630403,S4,630403,state_only_risk_roi,low,0,0,,33.58460485478188,,5980.0,0.0
m6a_v3_formal_s4_seed630403,S4,630403,state_only_risk_roi,medium,0,0,,34.89931261864939,,6092.0,0.0
m6a_v3_formal_s4_seed630403,S4,630403,state_only_risk_roi,severe,0,0,,24.51536977317787,,5825.0,0.0
m6a_v3_formal_s5_seed630500,S5,630500,command_conditioned_risk_roi,high,1,1,1.0,37.90265249952962,30.993098986654033,20572.0,0.16
m6a_v3_formal_s5_seed630500,S5,630500,command_conditioned_risk_roi,low,1,1,1.0,33.866789240951306,23.979066155320492,19874.0,0.16
m6a_v3_formal_s5_seed630500,S5,630500,command_conditioned_risk_roi,medium,1,1,1.0,37.90265249952962,30.993098986654033,20572.0,0.16
m6a_v3_formal_s5_seed630500,S5,630500,command_conditioned_risk_roi,severe,1,1,1.0,26.312413942988083,18.22599428878779,19428.0,0.16
m6a_v3_formal_s5_seed630500,S5,630500,state_only_risk_roi,high,1,1,1.0,37.90265249952962,30.993098986654033,20572.0,0.16
m6a_v3_formal_s5_seed630500,S5,630500,state_only_risk_roi,low,1,1,1.0,33.866789240951306,23.979066155320492,19874.0,0.16
m6a_v3_formal_s5_seed630500,S5,630500,state_only_risk_roi,medium,1,1,1.0,37.90265249952962,30.993098986654033,20572.0,0.16
m6a_v3_formal_s5_seed630500,S5,630500,state_only_risk_roi,severe,1,1,1.0,26.312413942988083,18.22599428878779,19428.0,0.16
m6a_v3_formal_s5_seed630501,S5,630501,command_conditioned_risk_roi,high,0,0,,40.23510556377178,,15806.0,0.0
m6a_v3_formal_s5_seed630501,S5,630501,command_conditioned_risk_roi,low,0,0,,37.3678719545075,,15702.0,0.0
m6a_v3_formal_s5_seed630501,S5,630501,command_conditioned_risk_roi,medium,0,0,,40.23510556377178,,15806.0,0.0
m6a_v3_formal_s5_seed630501,S5,630501,command_conditioned_risk_roi,severe,0,0,,28.50377765484712,,15453.0,0.0
m6a_v3_formal_s5_seed630501,S5,630501,state_only_risk_roi,high,0,0,,40.23510556377178,,15806.0,0.0
m6a_v3_formal_s5_seed630501,S5,630501,state_only_risk_roi,low,0,0,,37.3678719545075,,15702.0,0.0
m6a_v3_formal_s5_seed630501,S5,630501,state_only_risk_roi,medium,0,0,,40.23510556377178,,15806.0,0.0
m6a_v3_formal_s5_seed630501,S5,630501,state_only_risk_roi,severe,0,0,,28.50377765484712,,15453.0,0.0
m6a_v3_formal_s5_seed630502,S5,630502,command_conditioned_risk_roi,high,1,1,1.0,37.72852574977132,30.513195266724363,20590.0,0.14285714285714285
m6a_v3_formal_s5_seed630502,S5,630502,command_conditioned_risk_roi,low,1,1,1.0,33.75147035747137,25.972288685586577,19843.0,0.14285714285714285
m6a_v3_formal_s5_seed630502,S5,630502,command_conditioned_risk_roi,medium,1,1,1.0,37.72852574977132,30.513195266724363,20590.0,0.14285714285714285
m6a_v3_formal_s5_seed630502,S5,630502,command_conditioned_risk_roi,severe,1,1,1.0,26.480271935504103,18.38597910104226,19426.0,0.14285714285714285
m6a_v3_formal_s5_seed630502,S5,630502,state_only_risk_roi,high,1,1,1.0,37.72852574977132,30.513195266724363,20590.0,0.14285714285714285
m6a_v3_formal_s5_seed630502,S5,630502,state_only_risk_roi,low,1,1,1.0,33.75147035747137,25.972288685586577,19843.0,0.14285714285714285
m6a_v3_formal_s5_seed630502,S5,630502,state_only_risk_roi,medium,1,1,1.0,37.72852574977132,30.513195266724363,20590.0,0.14285714285714285
m6a_v3_formal_s5_seed630502,S5,630502,state_only_risk_roi,severe,1,1,1.0,26.480271935504103,18.38597910104226,19426.0,0.14285714285714285
m6a_v3_formal_s5_seed630503,S5,630503,command_conditioned_risk_roi,high,1,1,1.0,40.608129049269486,28.901209655390225,16107.0,0.0
m6a_v3_formal_s5_seed630503,S5,630503,command_conditioned_risk_roi,low,1,1,1.0,35.35957556434397,25.400563811896262,15770.0,0.0
m6a_v3_formal_s5_seed630503,S5,630503,command_conditioned_risk_roi,medium,1,1,1.0,40.608129049269486,28.901209655390225,16107.0,0.0
m6a_v3_formal_s5_seed630503,S5,630503,command_conditioned_risk_roi,severe,1,1,1.0,28.148074947606936,18.89287952078886,15506.0,0.0
m6a_v3_formal_s5_seed630503,S5,630503,state_only_risk_roi,high,1,1,1.0,40.608129049269486,28.901209655390225,16107.0,0.0
m6a_v3_formal_s5_seed630503,S5,630503,state_only_risk_roi,low,1,1,1.0,35.35957556434397,25.400563811896262,15770.0,0.0
m6a_v3_formal_s5_seed630503,S5,630503,state_only_risk_roi,medium,1,1,1.0,40.608129049269486,28.901209655390225,16107.0,0.0
m6a_v3_formal_s5_seed630503,S5,630503,state_only_risk_roi,severe,1,1,1.0,28.148074947606936,18.89287952078886,15506.0,0.0
m6a_v3_formal_s6_seed630600,S6,630600,command_conditioned_risk_roi,high,1,1,1.0,33.804966002447976,44.25690534529181,6106.0,1.0
m6a_v3_formal_s6_seed630600,S6,630600,command_conditioned_risk_roi,low,1,1,1.0,27.743198670610138,26.594483958656944,5476.0,1.0
m6a_v3_formal_s6_seed630600,S6,630600,command_conditioned_risk_roi,medium,1,1,1.0,28.614400350702848,31.69627684381723,5669.0,1.0
m6a_v3_formal_s6_seed630600,S6,630600,command_conditioned_risk_roi,severe,1,1,1.0,20.806999387131064,20.23245914375963,5217.0,1.0
m6a_v3_formal_s6_seed630600,S6,630600,state_only_risk_roi,high,1,1,1.0,33.804966002447976,44.25690534529181,6106.0,1.0
m6a_v3_formal_s6_seed630600,S6,630600,state_only_risk_roi,low,1,1,1.0,27.743198670610138,26.594483958656944,5476.0,1.0
m6a_v3_formal_s6_seed630600,S6,630600,state_only_risk_roi,medium,1,1,1.0,28.614400350702848,31.69627684381723,5669.0,1.0
m6a_v3_formal_s6_seed630600,S6,630600,state_only_risk_roi,severe,1,1,1.0,20.806999387131064,20.23245914375963,5217.0,1.0
m6a_v3_formal_s6_seed630601,S6,630601,command_conditioned_risk_roi,high,1,1,1.0,30.843949605709398,44.31227172089328,6157.0,1.0
m6a_v3_formal_s6_seed630601,S6,630601,command_conditioned_risk_roi,low,1,1,1.0,25.273679464008396,29.893690713850077,5505.0,1.0
m6a_v3_formal_s6_seed630601,S6,630601,command_conditioned_risk_roi,medium,1,1,1.0,28.21319172207733,32.62481449358677,5715.0,1.0
m6a_v3_formal_s6_seed630601,S6,630601,command_conditioned_risk_roi,severe,1,1,1.0,21.827743071214442,22.648212636607724,5212.0,1.0
m6a_v3_formal_s6_seed630601,S6,630601,state_only_risk_roi,high,1,1,1.0,30.843949605709398,44.31227172089328,6157.0,1.0
m6a_v3_formal_s6_seed630601,S6,630601,state_only_risk_roi,low,1,1,1.0,25.273679464008396,29.893690713850077,5505.0,1.0
m6a_v3_formal_s6_seed630601,S6,630601,state_only_risk_roi,medium,1,1,1.0,28.21319172207733,32.62481449358677,5715.0,1.0
m6a_v3_formal_s6_seed630601,S6,630601,state_only_risk_roi,severe,1,1,1.0,21.827743071214442,22.648212636607724,5212.0,1.0
m6a_v3_formal_s6_seed630602,S6,630602,command_conditioned_risk_roi,high,1,1,1.0,34.30489909366844,44.75533531378167,5952.0,1.0
m6a_v3_formal_s6_seed630602,S6,630602,command_conditioned_risk_roi,low,1,1,1.0,28.909892950095376,25.45373558875462,5444.0,1.0
m6a_v3_formal_s6_seed630602,S6,630602,command_conditioned_risk_roi,medium,1,1,1.0,34.08116634693944,30.514953900001696,5595.0,1.0
m6a_v3_formal_s6_seed630602,S6,630602,command_conditioned_risk_roi,severe,1,1,1.0,22.927691199050212,19.548281853916407,5210.0,1.0
m6a_v3_formal_s6_seed630602,S6,630602,state_only_risk_roi,high,1,1,1.0,34.30489909366844,44.75533531378167,5952.0,1.0
m6a_v3_formal_s6_seed630602,S6,630602,state_only_risk_roi,low,1,1,1.0,28.909892950095376,25.45373558875462,5444.0,1.0
m6a_v3_formal_s6_seed630602,S6,630602,state_only_risk_roi,medium,1,1,1.0,34.08116634693944,30.514953900001696,5595.0,1.0
m6a_v3_formal_s6_seed630602,S6,630602,state_only_risk_roi,severe,1,1,1.0,22.927691199050212,19.548281853916407,5210.0,1.0
m6a_v3_formal_s6_seed630603,S6,630603,command_conditioned_risk_roi,high,1,1,1.0,34.41211748168406,42.55730104509429,6054.0,1.0
m6a_v3_formal_s6_seed630603,S6,630603,command_conditioned_risk_roi,low,1,1,1.0,28.289661894927463,26.938436030840805,5474.0,1.0
m6a_v3_formal_s6_seed630603,S6,630603,command_conditioned_risk_roi,medium,1,1,1.0,31.490216636422357,32.40309745641936,5668.0,1.0
m6a_v3_formal_s6_seed630603,S6,630603,command_conditioned_risk_roi,severe,1,1,1.0,23.89204663220636,23.282855284692165,5210.0,1.0
m6a_v3_formal_s6_seed630603,S6,630603,state_only_risk_roi,high,1,1,1.0,34.41211748168406,42.55730104509429,6054.0,1.0
m6a_v3_formal_s6_seed630603,S6,630603,state_only_risk_roi,low,1,1,1.0,28.289661894927463,26.938436030840805,5474.0,1.0
m6a_v3_formal_s6_seed630603,S6,630603,state_only_risk_roi,medium,1,1,1.0,31.490216636422357,32.40309745641936,5668.0,1.0
m6a_v3_formal_s6_seed630603,S6,630603,state_only_risk_roi,severe,1,1,1.0,23.89204663220636,23.282855284692165,5210.0,1.0
m6a_v3_formal_s7_seed630700,S7,630700,command_conditioned_risk_roi,high,0,0,,45.63683342623064,,17827.0,0.0
m6a_v3_formal_s7_seed630700,S7,630700,command_conditioned_risk_roi,low,0,0,,43.30260292667218,,17682.5,0.0
m6a_v3_formal_s7_seed630700,S7,630700,command_conditioned_risk_roi,medium,0,0,,45.63683342623064,,17827.0,0.0
m6a_v3_formal_s7_seed630700,S7,630700,command_conditioned_risk_roi,severe,0,0,,30.566256317515432,,17384.5,0.0
m6a_v3_formal_s7_seed630700,S7,630700,state_only_risk_roi,high,0,0,,45.63683342623064,,17827.0,0.0
m6a_v3_formal_s7_seed630700,S7,630700,state_only_risk_roi,low,0,0,,43.30260292667218,,17682.5,0.0
m6a_v3_formal_s7_seed630700,S7,630700,state_only_risk_roi,medium,0,0,,45.63683342623064,,17827.0,0.0
m6a_v3_formal_s7_seed630700,S7,630700,state_only_risk_roi,severe,0,0,,30.566256317515432,,17384.5,0.0
m6a_v3_formal_s7_seed630701,S7,630701,command_conditioned_risk_roi,high,0,0,,41.318865247433564,,14045.5,0.0
m6a_v3_formal_s7_seed630701,S7,630701,command_conditioned_risk_roi,low,0,0,,38.14060524610604,,13819.0,0.0
m6a_v3_formal_s7_seed630701,S7,630701,command_conditioned_risk_roi,medium,0,0,,40.75428368697842,,13963.0,0.0
m6a_v3_formal_s7_seed630701,S7,630701,command_conditioned_risk_roi,severe,0,0,,28.359456791226666,,13536.5,0.0
m6a_v3_formal_s7_seed630701,S7,630701,state_only_risk_roi,high,0,0,,41.318865247433564,,14045.5,0.0
m6a_v3_formal_s7_seed630701,S7,630701,state_only_risk_roi,low,0,0,,38.14060524610604,,13819.0,0.0
m6a_v3_formal_s7_seed630701,S7,630701,state_only_risk_roi,medium,0,0,,40.75428368697842,,13963.0,0.0
m6a_v3_formal_s7_seed630701,S7,630701,state_only_risk_roi,severe,0,0,,28.359456791226666,,13536.5,0.0
m6a_v3_formal_s7_seed630702,S7,630702,command_conditioned_risk_roi,high,0,0,,38.99150948295852,,16130.5,0.0
m6a_v3_formal_s7_seed630702,S7,630702,command_conditioned_risk_roi,low,0,0,,34.30477349286929,,15748.0,0.0
m6a_v3_formal_s7_seed630702,S7,630702,command_conditioned_risk_roi,medium,0,0,,37.553237851280194,,16079.0,0.0
m6a_v3_formal_s7_seed630702,S7,630702,command_conditioned_risk_roi,severe,0,0,,29.077724598766302,,15477.0,0.0
m6a_v3_formal_s7_seed630702,S7,630702,state_only_risk_roi,high,0,0,,38.99150948295852,,16130.5,0.0
m6a_v3_formal_s7_seed630702,S7,630702,state_only_risk_roi,low,0,0,,34.30477349286929,,15748.0,0.0
m6a_v3_formal_s7_seed630702,S7,630702,state_only_risk_roi,medium,0,0,,37.553237851280194,,16079.0,0.0
m6a_v3_formal_s7_seed630702,S7,630702,state_only_risk_roi,severe,0,0,,29.077724598766302,,15477.0,0.0
m6a_v3_formal_s7_seed630703,S7,630703,command_conditioned_risk_roi,high,0,0,,39.35434716363966,,16111.0,0.0
m6a_v3_formal_s7_seed630703,S7,630703,command_conditioned_risk_roi,low,0,0,,35.20630625780576,,15737.5,0.0
m6a_v3_formal_s7_seed630703,S7,630703,command_conditioned_risk_roi,medium,0,0,,38.07455095046944,,16064.5,0.0
m6a_v3_formal_s7_seed630703,S7,630703,command_conditioned_risk_roi,severe,0,0,,29.170019396330275,,15477.0,0.0
m6a_v3_formal_s7_seed630703,S7,630703,state_only_risk_roi,high,0,0,,39.35434716363966,,16111.0,0.0
m6a_v3_formal_s7_seed630703,S7,630703,state_only_risk_roi,low,0,0,,35.20630625780576,,15737.5,0.0
m6a_v3_formal_s7_seed630703,S7,630703,state_only_risk_roi,medium,0,0,,38.07455095046944,,16064.5,0.0
m6a_v3_formal_s7_seed630703,S7,630703,state_only_risk_roi,severe,0,0,,29.170019396330275,,15477.0,0.0
m6a_v3_formal_s8_seed630800,S8,630800,command_conditioned_risk_roi,high,0,0,,,,,
m6a_v3_formal_s8_seed630800,S8,630800,command_conditioned_risk_roi,low,0,0,,,,,
m6a_v3_formal_s8_seed630800,S8,630800,command_conditioned_risk_roi,medium,0,0,,,,,
m6a_v3_formal_s8_seed630800,S8,630800,command_conditioned_risk_roi,severe,0,0,,,,,
m6a_v3_formal_s8_seed630800,S8,630800,state_only_risk_roi,high,0,0,,,,,
m6a_v3_formal_s8_seed630800,S8,630800,state_only_risk_roi,low,0,0,,,,,
m6a_v3_formal_s8_seed630800,S8,630800,state_only_risk_roi,medium,0,0,,,,,
m6a_v3_formal_s8_seed630800,S8,630800,state_only_risk_roi,severe,0,0,,,,,
m6a_v3_formal_s8_seed630801,S8,630801,command_conditioned_risk_roi,high,0,0,,,,,
m6a_v3_formal_s8_seed630801,S8,630801,command_conditioned_risk_roi,low,0,0,,,,,
m6a_v3_formal_s8_seed630801,S8,630801,command_conditioned_risk_roi,medium,0,0,,,,,
m6a_v3_formal_s8_seed630801,S8,630801,command_conditioned_risk_roi,severe,0,0,,,,,
m6a_v3_formal_s8_seed630801,S8,630801,state_only_risk_roi,high,0,0,,,,,
m6a_v3_formal_s8_seed630801,S8,630801,state_only_risk_roi,low,0,0,,,,,
m6a_v3_formal_s8_seed630801,S8,630801,state_only_risk_roi,medium,0,0,,,,,
m6a_v3_formal_s8_seed630801,S8,630801,state_only_risk_roi,severe,0,0,,,,,
m6a_v3_formal_s8_seed630802,S8,630802,command_conditioned_risk_roi,high,0,0,,,,,
m6a_v3_formal_s8_seed630802,S8,630802,command_conditioned_risk_roi,low,0,0,,,,,
m6a_v3_formal_s8_seed630802,S8,630802,command_conditioned_risk_roi,medium,0,0,,,,,
m6a_v3_formal_s8_seed630802,S8,630802,command_conditioned_risk_roi,severe,0,0,,,,,
m6a_v3_formal_s8_seed630802,S8,630802,state_only_risk_roi,high,0,0,,,,,
m6a_v3_formal_s8_seed630802,S8,630802,state_only_risk_roi,low,0,0,,,,,
m6a_v3_formal_s8_seed630802,S8,630802,state_only_risk_roi,medium,0,0,,,,,
m6a_v3_formal_s8_seed630802,S8,630802,state_only_risk_roi,severe,0,0,,,,,
m6a_v3_formal_s8_seed630803,S8,630803,command_conditioned_risk_roi,high,0,0,,,,,
m6a_v3_formal_s8_seed630803,S8,630803,command_conditioned_risk_roi,low,0,0,,,,,
m6a_v3_formal_s8_seed630803,S8,630803,command_conditioned_risk_roi,medium,0,0,,,,,
m6a_v3_formal_s8_seed630803,S8,630803,command_conditioned_risk_roi,severe,0,0,,,,,
m6a_v3_formal_s8_seed630803,S8,630803,state_only_risk_roi,high,0,0,,,,,
m6a_v3_formal_s8_seed630803,S8,630803,state_only_risk_roi,low,0,0,,,,,
m6a_v3_formal_s8_seed630803,S8,630803,state_only_risk_roi,medium,0,0,,,,,
m6a_v3_formal_s8_seed630803,S8,630803,state_only_risk_roi,severe,0,0,,,,,
