episode_id,scene,seed,method,budget,snapshot_count,eligible_instances,recalled_instances,tcobr,continuous_boundary_utility,critical_boundary_hq_coverage,critical_region_psnr_db,full_psnr_db,full_ssim,mean_charged_bytes,mean_utilization,mean_roi_area_ratio
m7_v1_development_m7c1_seed710100,M7C1,710100,command_conditioned_risk_roi,high,4,1,1,1.0,1.0,0.0,37.817243234719975,36.597812892917545,0.9444778624905844,33822.75,0.9699392044965731,0.026041666666666664
m7_v1_development_m7c1_seed710100,M7C1,710100,command_conditioned_risk_roi,low,4,1,1,1.0,1.0,0.0,34.163802914403284,32.765130415467624,0.8945721487963874,32307.5,0.9979458824983011,0.026041666666666664
m7_v1_development_m7c1_seed710100,M7C1,710100,command_conditioned_risk_roi,medium,4,1,1,1.0,1.0,0.0,36.1843376867222,35.03686524368346,0.9258700290286412,32999.5,0.9847951296666567,0.026041666666666664
m7_v1_development_m7c1_seed710100,M7C1,710100,command_conditioned_risk_roi,severe,4,1,1,1.0,0.9354838709677419,0.0,26.3044100216176,22.686394325462928,0.728782737263586,31381.75,0.9973225068327718,0.026041666666666664
m7_v1_development_m7c1_seed710100,M7C1,710100,state_only_risk_roi,high,4,1,1,1.0,1.0,0.0,37.817243234719975,36.597812892917545,0.9444778624905844,33813.75,0.9696811103782513,0.026041666666666664
m7_v1_development_m7c1_seed710100,M7C1,710100,state_only_risk_roi,low,4,1,1,1.0,1.0,0.0,34.163802914403284,32.765130415467624,0.8945721487963874,32298.5,0.9976678816334096,0.026041666666666664
m7_v1_development_m7c1_seed710100,M7C1,710100,state_only_risk_roi,medium,4,1,1,1.0,1.0,0.0,36.1843376867222,35.03686524368346,0.9258700290286412,32990.5,0.9845265451072847,0.026041666666666664
m7_v1_development_m7c1_seed710100,M7C1,710100,state_only_risk_roi,severe,4,1,1,1.0,0.9354838709677419,0.0,26.3044100216176,22.686394325462928,0.728782737263586,31372.75,0.9970364838238098,0.026041666666666664
m7_v1_development_m7c1_seed710100,M7C1,710100,v2_corridor_edges,high,4,1,1,1.0,1.0,0.2903225806451613,38.69975645625378,37.03731526236468,0.9463154600606827,33817.75,0.9697958188752832,0.39062500000000006
m7_v1_development_m7c1_seed710100,M7C1,710100,v2_corridor_edges,low,4,1,1,1.0,1.0,0.0,34.163802914403284,32.940528735786444,0.8965244275028298,32302.25,0.9977837153271143,0.14583333333333331
m7_v1_development_m7c1_seed710100,M7C1,710100,v2_corridor_edges,medium,4,1,1,1.0,1.0,0.16129032258064516,36.31894872325743,35.25123975270135,0.9270491750730724,32994.5,0.9846459160225611,0.22395833333333334
m7_v1_development_m7c1_seed710100,M7C1,710100,v2_corridor_edges,severe,4,1,1,1.0,0.9354838709677419,0.0,26.540448739157885,23.13898227618798,0.7287591765332783,31376.5,0.997155660077544,0.25
m7_v1_development_m7c1_seed710100,M7C1,710100,v2_global_only,high,4,1,1,1.0,1.0,0.7741935483870968,39.22074051592948,37.05889535753683,0.9462651885997921,33817.5,0.9697886495942187,0.390625
m7_v1_development_m7c1_seed710100,M7C1,710100,v2_global_only,low,4,1,1,1.0,1.0,0.0,34.21531956625693,33.02708172922815,0.8970344287177094,32302.25,0.9977837153271143,0.15104166666666666
m7_v1_development_m7c1_seed710100,M7C1,710100,v2_global_only,medium,4,1,1,1.0,1.0,0.6451612903225806,36.23926140253754,35.27103192322272,0.9272088667656263,32994.5,0.9846459160225611,0.24479166666666666
m7_v1_development_m7c1_seed710100,M7C1,710100,v2_global_only,severe,4,1,1,1.0,0.9354838709677419,0.0,26.540448739157885,23.199770145052817,0.7298003120547862,31376.25,0.9971477149939618,0.2552083333333333
m7_v1_development_m7c1_seed710100,M7C1,710100,v2_visible_edges,high,4,1,1,1.0,1.0,0.6129032258064516,39.490704061681015,36.933785268898866,0.9454427175834693,33817.25,0.9697814803131543,0.32812499999999994
m7_v1_development_m7c1_seed710100,M7C1,710100,v2_visible_edges,low,4,1,1,1.0,1.0,0.3225806451612903,34.46940677430888,32.899506116390626,0.8958498713869678,32302.25,0.9977837153271143,0.11979166666666667
m7_v1_development_m7c1_seed710100,M7C1,710100,v2_visible_edges,medium,4,1,1,1.0,1.0,0.6129032258064516,36.32018059989331,35.199460756386316,0.9264640573056977,32994.5,0.9846459160225611,0.21875000000000003
m7_v1_development_m7c1_seed710100,M7C1,710100,v2_visible_edges,severe,4,1,1,1.0,0.9354838709677419,0.0,26.540448739157885,23.11863426993185,0.7249917861046374,31376.5,0.997155660077544,0.234375
m7_v1_development_m7c1_seed710101,M7C1,710101,command_conditioned_risk_roi,high,4,1,1,1.0,1.0,0.0,44.72859533461305,36.690299334968536,0.9444202499386755,33874.0,0.9714089071147946,0.03645833333333333
m7_v1_development_m7c1_seed710101,M7C1,710101,command_conditioned_risk_roi,low,4,1,1,1.0,1.0,0.0,39.40390876456799,32.910843900942716,0.8955873922857066,32301.25,0.9977528263421264,0.03645833333333333
m7_v1_development_m7c1_seed710101,M7C1,710101,command_conditioned_risk_roi,medium,4,1,1,1.0,1.0,0.0,45.54922307137954,35.13112706704693,0.9266924523784432,33011.5,0.9851532424124861,0.03645833333333333
m7_v1_development_m7c1_seed710101,M7C1,710101,command_conditioned_risk_roi,severe,4,1,1,1.0,1.0,0.0,28.85066973200327,22.788932860259045,0.7447527701696874,31385.75,0.9974496281700884,0.03645833333333333
m7_v1_development_m7c1_seed710101,M7C1,710101,state_only_risk_roi,high,4,1,1,1.0,1.0,0.0,44.72859533461305,36.690299334968536,0.9444202499386755,33865.0,0.9711508129964728,0.03645833333333333
m7_v1_development_m7c1_seed710101,M7C1,710101,state_only_risk_roi,low,4,1,1,1.0,1.0,0.0,39.40390876456799,32.910843900942716,0.8955873922857066,32292.25,0.9974748254772348,0.03645833333333333
m7_v1_development_m7c1_seed710101,M7C1,710101,state_only_risk_roi,medium,4,1,1,1.0,1.0,0.0,45.54922307137954,35.13112706704693,0.9266924523784432,33002.5,0.9848846578531141,0.03645833333333333
m7_v1_development_m7c1_seed710101,M7C1,710101,state_only_risk_roi,severe,4,1,1,1.0,1.0,0.0,28.85066973200327,22.788932860259045,0.7447527701696874,31376.75,0.9971636051611262,0.03645833333333333
m7_v1_development_m7c1_seed710101,M7C1,710101,v2_corridor_edges,high,4,1,1,1.0,1.0,0.6363636363636364,47.07392881919638,37.08989390045324,0.9470645319403134,33869.0,0.9712655214935046,0.46875
m7_v1_development_m7c1_seed710101,M7C1,710101,v2_corridor_edges,low,4,1,1,1.0,1.0,0.22727272727272727,39.77177028760251,33.14506890060823,0.8972122811248765,32296.0,0.9975906591709396,0.14583333333333334
m7_v1_development_m7c1_seed710101,M7C1,710101,v2_corridor_edges,medium,4,1,1,1.0,1.0,0.0,45.54922307137954,35.43353435355171,0.9288214703203653,33006.5,0.9850040287683905,0.29166666666666663
m7_v1_development_m7c1_seed710101,M7C1,710101,v2_corridor_edges,severe,4,1,1,1.0,1.0,0.2727272727272727,29.353675997067175,23.32871855253043,0.7411455251728318,31380.0,0.997266891247696,0.28125
m7_v1_development_m7c1_seed710101,M7C1,710101,v2_global_only,high,4,1,1,1.0,1.0,0.6363636363636364,47.07392881919638,37.11773880829484,0.9470789315562548,33868.25,0.9712440136503111,0.4375
m7_v1_development_m7c1_seed710101,M7C1,710101,v2_global_only,low,4,1,1,1.0,1.0,0.22727272727272727,39.77177028760251,33.17434680977992,0.8979848166262998,32296.0,0.9975906591709397,0.19270833333333334
m7_v1_development_m7c1_seed710101,M7C1,710101,v2_global_only,medium,4,1,1,1.0,1.0,0.0,45.54922307137954,35.44555101966287,0.9291363618280022,33006.25,0.9849965680861859,0.3020833333333333
m7_v1_development_m7c1_seed710101,M7C1,710101,v2_global_only,severe,4,1,1,1.0,1.0,0.2727272727272727,29.353675997067175,23.388654946995096,0.7429896516632931,31379.75,0.9972589461641137,0.296875
m7_v1_development_m7c1_seed710101,M7C1,710101,v2_visible_edges,high,4,1,1,1.0,1.0,0.5,45.98116212202265,37.03338686563533,0.9456347328282166,33869.0,0.9712655214935046,0.36458333333333337
m7_v1_development_m7c1_seed710101,M7C1,710101,v2_visible_edges,low,4,1,1,1.0,1.0,0.22727272727272727,39.77177028760251,33.044996195005396,0.8972883459006622,32295.75,0.9975829369246927,0.18229166666666666
m7_v1_development_m7c1_seed710101,M7C1,710101,v2_visible_edges,medium,4,1,1,1.0,1.0,0.0,45.54922307137954,35.32176196655285,0.9276175549170562,33006.5,0.9850040287683905,0.24479166666666669
m7_v1_development_m7c1_seed710101,M7C1,710101,v2_visible_edges,severe,4,1,1,1.0,1.0,0.2727272727272727,29.353675997067175,23.30897574675875,0.7407327803135312,31380.5,0.9972827814148606,0.2552083333333333
m7_v1_development_m7c2_seed710200,M7C2,710200,command_conditioned_risk_roi,high,4,3,3,1.0,1.0,0.0,47.40560404541319,38.60796334601318,0.9702536711320197,32591.25,0.9346233259728715,0.020833333333333332
m7_v1_development_m7c2_seed710200,M7C2,710200,command_conditioned_risk_roi,low,4,3,3,1.0,1.0,0.0,44.760930944133065,35.405587865898525,0.9491689525556651,31941.25,0.9866327917464632,0.020833333333333332
m7_v1_development_m7c2_seed710200,M7C2,710200,command_conditioned_risk_roi,medium,4,3,3,1.0,1.0,0.0,47.40560404541319,38.60796334601318,0.9702536711320197,32591.25,0.9726118356262496,0.020833333333333332
m7_v1_development_m7c2_seed710200,M7C2,710200,command_conditioned_risk_roi,severe,4,3,3,1.0,0.9038461538461539,0.0,33.3416454178454,27.291176163697465,0.8641861648080938,31354.5,0.9964564927223034,0.020833333333333332
m7_v1_development_m7c2_seed710200,M7C2,710200,state_only_risk_roi,high,4,3,3,1.0,1.0,0.0,47.40560404541319,38.60796334601318,0.9702536711320197,32578.25,0.9342505233575177,0.020833333333333332
m7_v1_development_m7c2_seed710200,M7C2,710200,state_only_risk_roi,low,4,3,3,1.0,1.0,0.0,44.760930944133065,35.405587865898525,0.9491689525556651,31928.25,0.9862312349416199,0.020833333333333332
m7_v1_development_m7c2_seed710200,M7C2,710200,state_only_risk_roi,medium,4,3,3,1.0,1.0,0.0,47.40560404541319,38.60796334601318,0.9702536711320197,32578.25,0.972223880151601,0.020833333333333332
m7_v1_development_m7c2_seed710200,M7C2,710200,state_only_risk_roi,severe,4,3,3,1.0,0.9038461538461539,0.0,33.3416454178454,27.291176163697465,0.8641861648080938,31341.5,0.9960433483760249,0.020833333333333332
m7_v1_development_m7c2_seed710200,M7C2,710200,v2_corridor_edges,high,4,3,3,1.0,1.0,0.34615384615384615,47.848271303607106,39.015179638159566,0.9711153494476037,32584.25,0.9344225861030655,0.19270833333333331
m7_v1_development_m7c2_seed710200,M7C2,710200,v2_corridor_edges,low,4,3,3,1.0,1.0,0.16346153846153846,44.98224537153605,35.54747646268593,0.949810403897228,31934.25,0.9864165688515476,0.109375
m7_v1_development_m7c2_seed710200,M7C2,710200,v2_corridor_edges,medium,4,3,3,1.0,1.0,0.34615384615384615,47.848271303607106,39.015179638159566,0.9711153494476037,32584.25,0.9724029365245157,0.19270833333333331
m7_v1_development_m7c2_seed710200,M7C2,710200,v2_corridor_edges,severe,4,3,3,1.0,0.9038461538461539,0.10576923076923077,33.349249856426496,27.70930326017701,0.861342410620409,31347.25,0.9962260852984174,0.18229166666666666
m7_v1_development_m7c2_seed710200,M7C2,710200,v2_global_only,high,4,3,3,1.0,1.0,0.4423076923076923,48.13660756933024,39.049874041428566,0.9708266717938727,32584.0,0.9344154168220011,0.21354166666666669
m7_v1_development_m7c2_seed710200,M7C2,710200,v2_global_only,low,4,3,3,1.0,1.0,0.15384615384615385,44.938378244033714,35.559291655205016,0.949856069289586,31934.0,0.9864088466053006,0.140625
m7_v1_development_m7c2_seed710200,M7C2,710200,v2_global_only,medium,4,3,3,1.0,1.0,0.4423076923076923,48.13660756933024,39.049874041428566,0.9708266717938727,32584.0,0.972395475842311,0.21354166666666669
m7_v1_development_m7c2_seed710200,M7C2,710200,v2_global_only,severe,4,3,3,1.0,0.9038461538461539,0.14423076923076922,33.358977199858735,27.790684952251144,0.8629051382511475,31347.5,0.9962340303819996,0.203125
m7_v1_development_m7c2_seed710200,M7C2,710200,v2_visible_edges,high,4,3,3,1.0,1.0,0.40384615384615385,48.04241058714923,38.91049311705286,0.9700461571550753,32584.25,0.9344225861030655,0.17708333333333334
m7_v1_development_m7c2_seed710200,M7C2,710200,v2_visible_edges,low,4,3,3,1.0,1.0,0.22115384615384615,45.017833795512196,35.498859155146135,0.9491656742827689,31934.25,0.9864165688515476,0.11458333333333334
m7_v1_development_m7c2_seed710200,M7C2,710200,v2_visible_edges,medium,4,3,3,1.0,1.0,0.40384615384615385,48.04241058714923,38.91049311705286,0.9700461571550753,32584.25,0.9724029365245157,0.17708333333333334
m7_v1_development_m7c2_seed710200,M7C2,710200,v2_visible_edges,severe,4,3,3,1.0,1.0,0.20192307692307693,33.43383161024527,27.696653242666592,0.8574015178963845,31347.5,0.9962340303819996,0.19270833333333334
m7_v1_development_m7c2_seed710201,M7C2,710201,command_conditioned_risk_roi,high,4,3,3,1.0,1.0,0.0,45.28866984834255,38.222707144143975,0.9679035608022548,32684.5,0.9372974678099281,0.020833333333333332
m7_v1_development_m7c2_seed710201,M7C2,710201,command_conditioned_risk_roi,low,4,3,3,1.0,1.0,0.0,42.7683167822644,35.02551241486575,0.9460188545578877,32008.5,0.988710075986903,0.020833333333333332
m7_v1_development_m7c2_seed710201,M7C2,710201,command_conditioned_risk_roi,medium,4,3,3,1.0,1.0,0.0,45.18404878906779,37.43663450329608,0.9633129494569469,32500.75,0.969911068668119,0.020833333333333332
m7_v1_development_m7c2_seed710201,M7C2,710201,command_conditioned_risk_roi,severe,4,3,3,1.0,0.9878048780487805,0.0,32.303630027052705,27.00891616842805,0.8547527623209181,31367.25,0.9968616919849996,0.020833333333333332
m7_v1_development_m7c2_seed710201,M7C2,710201,state_only_risk_roi,high,4,3,3,1.0,1.0,0.0,45.28866984834255,38.222707144143975,0.9679035608022548,32671.0,0.9369103266324452,0.020833333333333332
m7_v1_development_m7c2_seed710201,M7C2,710201,state_only_risk_roi,low,4,3,3,1.0,1.0,0.0,42.7683167822644,35.02551241486575,0.9460188545578877,31995.0,0.9882930746895657,0.020833333333333332
m7_v1_development_m7c2_seed710201,M7C2,710201,state_only_risk_roi,medium,4,3,3,1.0,1.0,0.0,45.18404878906779,37.43663450329608,0.9633129494569469,32487.25,0.9695081918290608,0.020833333333333332
m7_v1_development_m7c2_seed710201,M7C2,710201,state_only_risk_roi,severe,4,3,3,1.0,0.9878048780487805,0.0,32.303630027052705,27.00891616842805,0.8547527623209181,31353.75,0.9964326574715565,0.020833333333333332
m7_v1_development_m7c2_seed710201,M7C2,710201,v2_corridor_edges,high,4,3,3,1.0,1.0,0.036585365853658534,45.57370262706819,38.5889775535812,0.9687065726473597,32677.0,0.9370823893779932,0.19791666666666666
m7_v1_development_m7c2_seed710201,M7C2,710201,v2_corridor_edges,low,4,3,3,1.0,1.0,0.07317073170731707,43.065529894328535,35.16283433880231,0.946415088730203,32001.25,0.9884861308457404,0.125
m7_v1_development_m7c2_seed710201,M7C2,710201,v2_corridor_edges,medium,4,3,3,1.0,1.0,0.0,45.235842923256364,37.662048148989896,0.9638328933993063,32493.25,0.9696872482019756,0.17708333333333331
m7_v1_development_m7c2_seed710201,M7C2,710201,v2_corridor_edges,severe,4,3,3,1.0,0.926829268292683,0.0,32.30928914028139,27.396559408252124,0.8536210994210403,31359.75,0.9966233394775313,0.171875
m7_v1_development_m7c2_seed710201,M7C2,710201,v2_global_only,high,4,3,3,1.0,1.0,0.06097560975609756,45.7309213949896,38.62606479966951,0.9686576256741379,32677.25,0.9370895586590577,0.21874999999999997
m7_v1_development_m7c2_seed710201,M7C2,710201,v2_global_only,low,4,3,3,1.0,1.0,0.07317073170731707,43.06685644270931,35.17830336006889,0.9466047003273473,32001.25,0.9884861308457404,0.140625
m7_v1_development_m7c2_seed710201,M7C2,710201,v2_global_only,medium,4,3,3,1.0,1.0,0.024390243902439025,45.353777347706945,37.679406523152444,0.9638187868815151,32493.5,0.9696947088841803,0.19791666666666666
m7_v1_development_m7c2_seed710201,M7C2,710201,v2_global_only,severe,4,3,3,1.0,0.926829268292683,0.1951219512195122,32.41635255195324,27.43434164709976,0.853406557467592,31359.75,0.9966233394775313,0.19270833333333331
m7_v1_development_m7c2_seed710201,M7C2,710201,v2_visible_edges,high,4,3,3,1.0,1.0,0.18292682926829268,45.81045905137941,38.515076725414254,0.9677891855787835,32677.25,0.9370895586590577,0.17708333333333334
m7_v1_development_m7c2_seed710201,M7C2,710201,v2_visible_edges,low,4,3,3,1.0,1.0,0.32926829268292684,43.144580842470155,35.09953611687515,0.9453263807244288,32001.25,0.9884861308457404,0.09895833333333334
m7_v1_development_m7c2_seed710201,M7C2,710201,v2_visible_edges,medium,4,3,3,1.0,1.0,0.08536585365853659,45.378994007508815,37.59460621150601,0.9635669491311495,32493.5,0.9696947088841803,0.16145833333333334
m7_v1_development_m7c2_seed710201,M7C2,710201,v2_visible_edges,severe,4,3,3,1.0,0.926829268292683,0.1951219512195122,32.416318486717685,27.383995695774964,0.8503193862575881,31360.0,0.9966312845611136,0.18229166666666666
m7_v1_development_m7c3_seed710300,M7C3,710300,command_conditioned_risk_roi,high,4,1,1,1.0,1.0,0.0,37.75208356840473,35.87065018289324,0.9350270815114305,34083.75,0.9774239339279057,0.031249999999999997
m7_v1_development_m7c3_seed710300,M7C3,710300,command_conditioned_risk_roi,low,4,1,1,1.0,1.0,0.0,34.0920344676487,27.115003854576358,0.8011067854182865,31888.75,0.9850111200345957,0.031249999999999997
m7_v1_development_m7c3_seed710300,M7C3,710300,command_conditioned_risk_roi,medium,4,1,1,1.0,1.0,0.0,36.1240952076379,34.23298831387455,0.9148316695015538,33108.25,0.9880405264257364,0.031249999999999997
m7_v1_development_m7c3_seed710300,M7C3,710300,command_conditioned_risk_roi,severe,4,1,1,1.0,0.9393939393939394,0.0,26.302641052640436,23.704741682661925,0.7257666607900436,31413.5,0.9983315324477213,0.031249999999999997
m7_v1_development_m7c3_seed710300,M7C3,710300,state_only_risk_roi,high,4,1,1,1.0,1.0,0.0,37.75208356840473,35.856702880357425,0.9345672686601673,34028.0,0.9758251842505233,0.026041666666666664
m7_v1_development_m7c3_seed710300,M7C3,710300,state_only_risk_roi,low,4,1,1,1.0,1.0,0.0,34.0920344676487,27.101206296899093,0.8005594271533121,31870.0,0.9844319515660716,0.026041666666666664
m7_v1_development_m7c3_seed710300,M7C3,710300,state_only_risk_roi,medium,4,1,1,1.0,1.0,0.0,36.1240952076379,34.22922152771623,0.9146369448400373,33088.0,0.9874362111671492,0.026041666666666664
m7_v1_development_m7c3_seed710300,M7C3,710300,state_only_risk_roi,severe,4,1,1,1.0,0.9393939393939394,0.0,26.302641052640436,24.91205234359301,0.7312386486697824,31431.25,0.9988956333820632,0.026041666666666664
m7_v1_development_m7c3_seed710300,M7C3,710300,v2_corridor_edges,high,4,1,1,1.0,1.0,0.7878787878787878,39.21376736649528,36.313821374839634,0.9371622082709564,34055.0,0.9765994666054887,0.3541666666666667
m7_v1_development_m7c3_seed710300,M7C3,710300,v2_corridor_edges,low,4,1,1,1.0,1.0,0.0,34.0920344676487,27.646912145882464,0.8043642101561312,31878.75,0.9847022301847161,0.20833333333333331
m7_v1_development_m7c3_seed710300,M7C3,710300,v2_corridor_edges,medium,4,1,1,1.0,1.0,0.15151515151515152,36.25692572445635,34.441909495206396,0.9158209401545757,33097.5,0.9877197170909308,0.18229166666666666
m7_v1_development_m7c3_seed710300,M7C3,710300,v2_corridor_edges,severe,4,1,1,1.0,0.9393939393939394,0.0,26.538765306470573,24.698655977429773,0.7211422610690246,31421.75,0.9985937202059365,0.375
m7_v1_development_m7c3_seed710300,M7C3,710300,v2_global_only,high,4,1,1,1.0,1.0,0.7878787878787878,39.22819482802912,36.3283622500667,0.9370849117797106,34054.75,0.9765922973244243,0.36458333333333337
m7_v1_development_m7c3_seed710300,M7C3,710300,v2_global_only,low,4,1,1,1.0,1.0,0.0,34.14274058402745,27.666362441467403,0.8049260422462726,31878.75,0.9847022301847161,0.22395833333333331
m7_v1_development_m7c3_seed710300,M7C3,710300,v2_global_only,medium,4,1,1,1.0,1.0,0.15151515151515152,36.25692572445635,34.45640312495464,0.9159948100410239,33097.75,0.9877271777731356,0.18229166666666666
m7_v1_development_m7c3_seed710300,M7C3,710300,v2_global_only,severe,4,1,1,1.0,0.9393939393939394,0.0,26.538765306470573,24.72182406162552,0.722876052504013,31421.75,0.9985937202059365,0.375
m7_v1_development_m7c3_seed710300,M7C3,710300,v2_visible_edges,high,4,1,1,1.0,1.0,0.6363636363636364,39.145327889773974,36.235972361461194,0.9360022873455583,34055.0,0.9765994666054888,0.34895833333333337
m7_v1_development_m7c3_seed710300,M7C3,710300,v2_visible_edges,low,4,1,1,1.0,1.0,0.36363636363636365,34.44874898400731,27.56150460144964,0.8024909220926053,31879.0,0.984709952430963,0.18229166666666669
m7_v1_development_m7c3_seed710300,M7C3,710300,v2_visible_edges,medium,4,1,1,1.0,1.0,0.6363636363636364,36.27293095591353,34.36027119005894,0.9153714153126802,33097.75,0.9877271777731356,0.1875
m7_v1_development_m7c3_seed710300,M7C3,710300,v2_visible_edges,severe,4,1,1,1.0,0.9393939393939394,0.0,26.538765306470573,24.583234881610487,0.7220708080697997,31422.0,0.9986016652895188,0.3385416666666667
m7_v1_development_m7c3_seed710301,M7C3,710301,command_conditioned_risk_roi,high,4,1,1,1.0,1.0,0.0,44.99470264916661,35.903679531233365,0.9354660179153966,34053.5,0.9765564509191018,0.031249999999999997
m7_v1_development_m7c3_seed710301,M7C3,710301,command_conditioned_risk_roi,low,4,1,1,1.0,1.0,0.0,39.67134617579841,27.13423559596389,0.802379550331322,31867.25,0.9843470068573547,0.031249999999999997
m7_v1_development_m7c3_seed710301,M7C3,710301,command_conditioned_risk_roi,medium,4,1,1,1.0,1.0,0.0,45.86705705086979,34.29080199210353,0.9161157853915967,33079.5,0.9871825479721865,0.031249999999999997
m7_v1_development_m7c3_seed710301,M7C3,710301,command_conditioned_risk_roi,severe,4,1,1,1.0,1.0,0.0,28.884581869778636,23.740185275143737,0.7287509533908,31407.75,0.998148795525329,0.031249999999999997
m7_v1_development_m7c3_seed710301,M7C3,710301,state_only_risk_roi,high,4,1,1,1.0,1.0,0.0,44.99470264916661,35.889625923148294,0.9350062050641333,33997.75,0.9749577012417194,0.026041666666666664
m7_v1_development_m7c3_seed710301,M7C3,710301,state_only_risk_roi,low,4,1,1,1.0,1.0,0.0,39.67134617579841,27.12037690106378,0.8018321920663476,31848.5,0.9837678383888305,0.026041666666666664
m7_v1_development_m7c3_seed710301,M7C3,710301,state_only_risk_roi,medium,4,1,1,1.0,1.0,0.0,45.86705705086979,34.28698474907622,0.9159210607300802,33059.25,0.9865782327135993,0.026041666666666664
m7_v1_development_m7c3_seed710301,M7C3,710301,state_only_risk_roi,severe,4,1,1,1.0,1.0,0.0,28.884581869778636,24.958916296382007,0.7342229412705389,31425.5,0.9987128964596708,0.026041666666666664
m7_v1_development_m7c3_seed710301,M7C3,710301,v2_corridor_edges,high,4,1,1,1.0,1.0,0.8260869565217391,47.65318110614363,36.340028108765566,0.9379075982160242,34025.0,0.9757391528777495,0.375
m7_v1_development_m7c3_seed710301,M7C3,710301,v2_corridor_edges,low,4,1,1,1.0,1.0,0.21739130434782608,40.06330090454736,27.66658433268331,0.8055537216359314,31857.25,0.984038117007475,0.22395833333333331
m7_v1_development_m7c3_seed710301,M7C3,710301,v2_corridor_edges,medium,4,1,1,1.0,1.0,0.0,45.86705705086979,34.509093759536555,0.9172297091296308,33068.75,0.986861738637381,0.19791666666666666
m7_v1_development_m7c3_seed710301,M7C3,710301,v2_corridor_edges,severe,4,1,1,1.0,1.0,0.2608695652173913,29.39130107213846,24.739388016994234,0.723494872835898,31415.75,0.9984030381999618,0.375
m7_v1_development_m7c3_seed710301,M7C3,710301,v2_global_only,high,4,1,1,1.0,1.0,0.6086956521739131,47.539209973108896,36.35491886782003,0.9377736441274063,34025.25,0.9757463221588139,0.375
m7_v1_development_m7c3_seed710301,M7C3,710301,v2_global_only,low,4,1,1,1.0,1.0,0.21739130434782608,40.06330090454736,27.686051327815193,0.8060463369601717,31857.25,0.984038117007475,0.234375
m7_v1_development_m7c3_seed710301,M7C3,710301,v2_global_only,medium,4,1,1,1.0,1.0,0.0,45.86705705086979,34.52273770868905,0.9173725625374277,33069.0,0.9868691993195858,0.20833333333333334
m7_v1_development_m7c3_seed710301,M7C3,710301,v2_global_only,severe,4,1,1,1.0,1.0,0.2608695652173913,29.39130107213846,24.770475062659514,0.7250942184484646,31415.75,0.9984030381999618,0.3802083333333333
m7_v1_development_m7c3_seed710301,M7C3,710301,v2_visible_edges,high,4,1,1,1.0,1.0,0.5217391304347826,47.05300094790755,36.25824716726983,0.9368902487729697,34025.0,0.9757391528777494,0.3541666666666667
m7_v1_development_m7c3_seed710301,M7C3,710301,v2_visible_edges,low,4,1,1,1.0,1.0,0.21739130434782608,40.06330090454736,27.58144905255366,0.8037756490691901,31857.25,0.984038117007475,0.19791666666666669
m7_v1_development_m7c3_seed710301,M7C3,710301,v2_visible_edges,medium,4,1,1,1.0,1.0,0.2608695652173913,45.75519948305103,34.4173890483319,0.9164962308067481,33069.0,0.9868691993195858,0.19270833333333334
m7_v1_development_m7c3_seed710301,M7C3,710301,v2_visible_edges,severe,4,1,1,1.0,1.0,0.2608695652173913,29.39130107213846,24.63031891051974,0.7243110575872194,31416.25,0.9984189283671264,0.34375
m7_v1_development_m7c4_seed710400,M7C4,710400,command_conditioned_risk_roi,high,4,2,2,1.0,0.9,0.0,38.413017345579405,36.93497162167101,0.9522058627242295,33518.5,0.9612141894410828,0.020833333333333332
m7_v1_development_m7c4_seed710400,M7C4,710400,command_conditioned_risk_roi,low,4,2,2,1.0,0.9,0.0,33.962797236564406,32.79105129629786,0.9051993865595896,32204.25,0.994756594798295,0.020833333333333332
m7_v1_development_m7c4_seed710400,M7C4,710400,command_conditioned_risk_roi,medium,4,2,2,1.0,1.0,0.0,37.03129527554267,35.54556148818445,0.9391803458906853,32922.0,0.9824823181831747,0.020833333333333332
m7_v1_development_m7c4_seed710400,M7C4,710400,command_conditioned_risk_roi,severe,4,2,2,1.0,0.85,0.0,27.018035899684243,25.269266036134045,0.7693297776829714,31410.5,0.998236191444734,0.020833333333333332
m7_v1_development_m7c4_seed710400,M7C4,710400,state_only_risk_roi,high,4,2,2,1.0,0.9,0.0,38.413017345579405,36.93497162167101,0.9522058627242295,33508.0,0.9609130796363741,0.020833333333333332
m7_v1_development_m7c4_seed710400,M7C4,710400,state_only_risk_roi,low,4,2,2,1.0,0.9,0.0,33.962797236564406,32.79105129629786,0.9051993865595896,32193.75,0.9944322604559214,0.020833333333333332
m7_v1_development_m7c4_seed710400,M7C4,710400,state_only_risk_roi,medium,4,2,2,1.0,1.0,0.0,37.03129527554267,35.54556148818445,0.9391803458906853,32911.5,0.982168969530574,0.020833333333333332
m7_v1_development_m7c4_seed710400,M7C4,710400,state_only_risk_roi,severe,4,2,2,1.0,0.85,0.0,27.018035899684243,25.269266036134045,0.7693297776829714,31400.0,0.9979024979342782,0.020833333333333332
m7_v1_development_m7c4_seed710400,M7C4,710400,v2_corridor_edges,high,4,2,2,1.0,0.9,0.825,40.27735690127532,37.50175850255047,0.9546550415933649,33512.75,0.9610492959765995,0.359375
m7_v1_development_m7c4_seed710400,M7C4,710400,v2_corridor_edges,low,4,2,2,1.0,0.9,0.125,34.39838696747536,33.02145153385259,0.9087843163506772,32198.5,0.9945789831346142,0.13020833333333334
m7_v1_development_m7c4_seed710400,M7C4,710400,v2_corridor_edges,medium,4,2,2,1.0,1.0,0.225,38.35498466782476,35.85743318830509,0.94103987696,32916.25,0.9823107224924648,0.1875
m7_v1_development_m7c4_seed710400,M7C4,710400,v2_corridor_edges,severe,4,2,2,1.0,0.85,0.0,27.105241171153857,25.744593990944672,0.7677210274362868,31404.75,0.9980534545223416,0.25
m7_v1_development_m7c4_seed710400,M7C4,710400,v2_global_only,high,4,2,2,1.0,0.9,0.825,40.27735690127532,37.51321356942009,0.9546967229060501,33512.75,0.9610492959765995,0.3177083333333333
m7_v1_development_m7c4_seed710400,M7C4,710400,v2_global_only,low,4,2,2,1.0,0.9,0.125,34.425424620164016,33.04054757223534,0.9086801262715947,32198.25,0.9945712608883672,0.13541666666666669
m7_v1_development_m7c4_seed710400,M7C4,710400,v2_global_only,medium,4,2,2,1.0,1.0,0.225,38.35498466782476,35.87035110604078,0.9411045969872602,32916.25,0.9823107224924648,0.19270833333333334
m7_v1_development_m7c4_seed710400,M7C4,710400,v2_global_only,severe,4,2,2,1.0,0.85,0.0,27.162895027817953,25.7958079546094,0.770171547882491,31404.75,0.9980534545223416,0.27083333333333337
m7_v1_development_m7c4_seed710400,M7C4,710400,v2_visible_edges,high,4,2,2,1.0,0.9,0.725,39.60480228423796,37.36962901145888,0.9534449027937343,33512.5,0.961042126695535,0.27604166666666663
m7_v1_development_m7c4_seed710400,M7C4,710400,v2_visible_edges,low,4,2,2,1.0,0.9,0.15,34.021088700695316,32.928309900342214,0.9055688298042719,32198.5,0.9945789831346142,0.09895833333333333
m7_v1_development_m7c4_seed710400,M7C4,710400,v2_visible_edges,medium,4,2,2,1.0,0.8,0.525,38.26154770465314,35.74952220754198,0.9396556644685946,32916.25,0.9823107224924648,0.16145833333333331
m7_v1_development_m7c4_seed710400,M7C4,710400,v2_visible_edges,severe,4,2,2,1.0,0.85,0.0,27.096717231768327,25.666612355704288,0.765878091836488,31404.75,0.9980534545223416,0.21354166666666669
m7_v1_development_m7c4_seed710401,M7C4,710401,command_conditioned_risk_roi,high,4,1,1,1.0,1.0,0.0,39.287972912526506,37.169645658418595,0.9553796424953653,33510.75,0.9609919417280834,0.020833333333333332
m7_v1_development_m7c4_seed710401,M7C4,710401,command_conditioned_risk_roi,low,4,1,1,1.0,1.0,0.0,33.73487527196241,32.90438449813256,0.9125556250909617,32196.75,0.9945249274108854,0.020833333333333332
m7_v1_development_m7c4_seed710401,M7C4,710401,command_conditioned_risk_roi,medium,4,1,1,1.0,1.0,0.0,37.50785364124963,35.66517777404381,0.9424249422301648,32910.25,0.98213166611955,0.020833333333333332
m7_v1_development_m7c4_seed710401,M7C4,710401,command_conditioned_risk_roi,severe,4,1,1,1.0,1.0,0.0,27.16072689583853,25.32760696121294,0.7757551479880782,31408.25,0.9981646856924935,0.020833333333333332
m7_v1_development_m7c4_seed710401,M7C4,710401,state_only_risk_roi,high,4,1,1,1.0,1.0,0.0,39.287972912526506,37.169645658418595,0.9553796424953653,33500.25,0.9606908319233748,0.020833333333333332
m7_v1_development_m7c4_seed710401,M7C4,710401,state_only_risk_roi,low,4,1,1,1.0,1.0,0.0,33.73487527196241,32.90438449813256,0.9125556250909617,32186.25,0.9942005930685118,0.020833333333333332
m7_v1_development_m7c4_seed710401,M7C4,710401,state_only_risk_roi,medium,4,1,1,1.0,1.0,0.0,37.50785364124963,35.66517777404381,0.9424249422301648,32899.75,0.9818183174669493,0.020833333333333332
m7_v1_development_m7c4_seed710401,M7C4,710401,state_only_risk_roi,severe,4,1,1,1.0,1.0,0.0,27.16072689583853,25.32760696121294,0.7757551479880782,31397.75,0.9978309921820379,0.020833333333333332
m7_v1_development_m7c4_seed710401,M7C4,710401,v2_corridor_edges,high,4,1,1,1.0,1.0,0.6086956521739131,40.75050503206138,37.64229387006519,0.9566680826065946,33504.75,0.9608198789825357,0.3177083333333333
m7_v1_development_m7c4_seed710401,M7C4,710401,v2_corridor_edges,low,4,1,1,1.0,1.0,0.17391304347826086,33.86610910026111,33.143095227595914,0.9142009242704161,32190.75,0.9943395935009576,0.11458333333333334
m7_v1_development_m7c4_seed710401,M7C4,710401,v2_corridor_edges,medium,4,1,1,1.0,1.0,0.5217391304347826,39.19246271641901,36.02167724896782,0.943760392455084,32904.25,0.9819526097466351,0.21874999999999997
m7_v1_development_m7c4_seed710401,M7C4,710401,v2_corridor_edges,severe,4,1,1,1.0,1.0,0.0,27.253949536034515,25.821856317153582,0.7772632837315575,31402.5,0.997981948770101,0.25520833333333337
m7_v1_development_m7c4_seed710401,M7C4,710401,v2_global_only,high,4,1,1,1.0,1.0,0.6086956521739131,40.75050503206138,37.64646650238801,0.9567079520623206,33504.0,0.9607983711393422,0.3333333333333333
m7_v1_development_m7c4_seed710401,M7C4,710401,v2_global_only,low,4,1,1,1.0,1.0,0.17391304347826086,33.86610910026111,33.16022686543395,0.9145459348219352,32190.75,0.9943395935009576,0.13541666666666666
m7_v1_development_m7c4_seed710401,M7C4,710401,v2_global_only,medium,4,1,1,1.0,1.0,0.6086956521739131,39.314712539635515,36.04512931124948,0.9438361506374965,32904.25,0.9819526097466351,0.203125
m7_v1_development_m7c4_seed710401,M7C4,710401,v2_global_only,severe,4,1,1,1.0,1.0,0.0,27.314470846278024,25.873472376443665,0.7785493608447337,31402.25,0.9979740036865188,0.2760416666666667
m7_v1_development_m7c4_seed710401,M7C4,710401,v2_visible_edges,high,4,1,1,1.0,1.0,0.17391304347826086,40.01668222752641,37.48438139761507,0.9560400888914978,33505.0,0.9608270482636001,0.27604166666666663
m7_v1_development_m7c4_seed710401,M7C4,710401,v2_visible_edges,low,4,1,1,1.0,1.0,0.17391304347826086,33.82422193097932,33.07235683235001,0.9131247359559216,32190.75,0.9943395935009576,0.09895833333333334
m7_v1_development_m7c4_seed710401,M7C4,710401,v2_visible_edges,medium,4,1,1,1.0,1.0,0.17391304347826086,39.007205431349455,35.926056555323925,0.9432172890696132,32904.5,0.9819600704288399,0.17708333333333331
m7_v1_development_m7c4_seed710401,M7C4,710401,v2_visible_edges,severe,4,1,1,1.0,1.0,0.0,27.253949536034515,25.798642400418814,0.774482905666535,31402.5,0.997981948770101,0.25
m7_v1_development_m7c5_seed710500,M7C5,710500,command_conditioned_risk_roi,high,4,0,0,,,0.0,39.64215857878914,36.11528318206174,0.9373786955394532,33992.0,0.9747928077772361,0.03125
m7_v1_development_m7c5_seed710500,M7C5,710500,command_conditioned_risk_roi,low,4,0,0,,,0.0,35.332518789779414,29.01675650002896,0.840137918876856,32085.75,0.9910962500772225,0.03125
m7_v1_development_m7c5_seed710500,M7C5,710500,command_conditioned_risk_roi,medium,4,0,0,,,0.0,39.25259962222278,34.47381425592259,0.9170448033953866,33073.75,0.9870109522814767,0.03125
m7_v1_development_m7c5_seed710500,M7C5,710500,command_conditioned_risk_roi,severe,4,0,0,,,0.0,27.332230667758996,23.782983355530412,0.7357521444813662,31416.5,0.9984268734507088,0.03125
m7_v1_development_m7c5_seed710500,M7C5,710500,state_only_risk_roi,high,4,0,0,,,0.0,39.64215857878914,36.100601112914326,0.9368329670856691,33933.5,0.9731151960081442,0.026041666666666664
m7_v1_development_m7c5_seed710500,M7C5,710500,state_only_risk_roi,low,4,0,0,,,0.0,35.332518789779414,29.015157224640284,0.8398561639961728,32069.0,0.9905788595786742,0.026041666666666664
m7_v1_development_m7c5_seed710500,M7C5,710500,state_only_risk_roi,medium,4,0,0,,,0.0,39.25259962222278,34.468298812041084,0.9167637045952263,33052.5,0.9863767942940702,0.026041666666666664
m7_v1_development_m7c5_seed710500,M7C5,710500,state_only_risk_roi,severe,4,0,0,,,0.0,27.332230667758996,25.112133270681763,0.7424639298426076,31432.5,0.9989353587999745,0.026041666666666664
m7_v1_development_m7c5_seed710500,M7C5,710500,v2_corridor_edges,high,4,0,0,,,0.0,41.528211265872706,36.51760200219488,0.9394393095427752,33961.5,0.9739181554873677,0.3645833333333333
m7_v1_development_m7c5_seed710500,M7C5,710500,v2_corridor_edges,low,4,0,0,,,0.0,35.46629794559238,29.478515288777384,0.8438164955205707,32076.75,0.9908182492123309,0.18229166666666669
m7_v1_development_m7c5_seed710500,M7C5,710500,v2_corridor_edges,medium,4,0,0,,,0.0,39.32282642213536,34.67856431639886,0.9179754660160495,33062.75,0.9866826822644662,0.19270833333333331
m7_v1_development_m7c5_seed710500,M7C5,710500,v2_corridor_edges,severe,4,0,0,,,0.0,27.663923063170188,24.675417213543938,0.7358951661767977,31423.5,0.9986493357910124,0.33333333333333337
m7_v1_development_m7c5_seed710500,M7C5,710500,v2_global_only,high,4,0,0,,,0.4666666666666667,42.48907644938672,36.540237379645234,0.9393490912655217,33961.75,0.9739253247684322,0.38020833333333337
m7_v1_development_m7c5_seed710500,M7C5,710500,v2_global_only,low,4,0,0,,,0.0,35.332518789779414,29.492968598165994,0.8443602889893392,32076.5,0.9908105269660838,0.171875
m7_v1_development_m7c5_seed710500,M7C5,710500,v2_global_only,medium,4,0,0,,,0.0,39.31014581947263,34.70742939954891,0.9180360133177045,33062.75,0.9866826822644662,0.17708333333333331
m7_v1_development_m7c5_seed710500,M7C5,710500,v2_global_only,severe,4,0,0,,,0.0,27.663923063170188,24.698036230552685,0.7357332954781537,31423.5,0.9986493357910127,0.3489583333333333
m7_v1_development_m7c5_seed710500,M7C5,710500,v2_visible_edges,high,4,0,0,,,0.5333333333333333,42.390490931401914,36.4100967378126,0.9380399337220792,33961.75,0.9739253247684322,0.34375
m7_v1_development_m7c5_seed710500,M7C5,710500,v2_visible_edges,low,4,0,0,,,0.06666666666666667,35.28934863513536,29.379012407193507,0.8410618960893979,32077.0,0.9908259714585779,0.15625
m7_v1_development_m7c5_seed710500,M7C5,710500,v2_visible_edges,medium,4,0,0,,,0.0,39.40551810248629,34.57675572271113,0.9168592662663434,33062.5,0.9866752215822614,0.1875
m7_v1_development_m7c5_seed710500,M7C5,710500,v2_visible_edges,severe,4,0,0,,,0.0,27.663923063170188,24.589726390062665,0.730374432173115,31423.75,0.9986572808745948,0.32291666666666663
m7_v1_development_m7c5_seed710501,M7C5,710501,command_conditioned_risk_roi,high,4,1,1,1.0,1.0,0.0,44.69284538346094,36.253360729410616,0.9371568367681044,33956.0,0.973760431303949,0.03125
m7_v1_development_m7c5_seed710501,M7C5,710501,command_conditioned_risk_roi,low,4,1,1,1.0,1.0,0.0,39.35146404593374,29.13865532749648,0.8395527454206763,32058.5,0.9902545252363008,0.03125
m7_v1_development_m7c5_seed710501,M7C5,710501,command_conditioned_risk_roi,medium,4,1,1,1.0,1.0,0.0,45.08677003569019,34.64606138146113,0.9173795101681612,33025.5,0.9855710406159539,0.03125
m7_v1_development_m7c5_seed710501,M7C5,710501,command_conditioned_risk_roi,severe,4,1,1,1.0,1.0,0.0,28.85723914854664,25.12337001768998,0.7403445164542534,31429.25,0.9988320727134049,0.03125
m7_v1_development_m7c5_seed710501,M7C5,710501,state_only_risk_roi,high,4,1,1,1.0,1.0,0.0,44.69284538346094,36.23626480671384,0.9366084478085603,33895.75,0.9720326345674055,0.026041666666666664
m7_v1_development_m7c5_seed710501,M7C5,710501,state_only_risk_roi,low,4,1,1,1.0,1.0,0.0,39.35146404593374,29.13550414929125,0.839126883715062,32040.75,0.9897062457527646,0.026041666666666664
m7_v1_development_m7c5_seed710501,M7C5,710501,state_only_risk_roi,medium,4,1,1,1.0,1.0,0.0,45.08677003569019,34.63781749362663,0.917014646825645,33005.25,0.9849667253573666,0.026041666666666664
m7_v1_development_m7c5_seed710501,M7C5,710501,state_only_risk_roi,severe,4,1,1,1.0,1.0,0.0,28.85723914854664,25.113309166549712,0.7400064907605857,31412.25,0.9982918070298099,0.026041666666666664
m7_v1_development_m7c5_seed710501,M7C5,710501,v2_corridor_edges,high,4,1,1,1.0,1.0,0.6086956521739131,47.01642095751871,36.59079157080688,0.9389096876497824,33925.25,0.972878609733016,0.3645833333333333
m7_v1_development_m7c5_seed710501,M7C5,710501,v2_corridor_edges,low,4,1,1,1.0,1.0,0.21739130434782608,39.71505143652264,29.59518737673509,0.8420909574749146,32049.0,0.9899610798789151,0.15104166666666669
m7_v1_development_m7c5_seed710501,M7C5,710501,v2_corridor_edges,medium,4,1,1,1.0,1.0,0.0,45.08677003569019,34.843617741856505,0.9179934869274866,33014.75,0.9852502312811484,0.17708333333333334
m7_v1_development_m7c5_seed710501,M7C5,710501,v2_corridor_edges,severe,4,1,1,1.0,1.0,0.2608695652173913,29.36151998084126,25.656048916392336,0.7385728497696847,31419.75,0.9985301595372783,0.296875
m7_v1_development_m7c5_seed710501,M7C5,710501,v2_global_only,high,4,1,1,1.0,1.0,0.6086956521739131,47.01642095751871,36.62116691607145,0.9391311090346331,33925.5,0.9728857790140805,0.35937499999999994
m7_v1_development_m7c5_seed710501,M7C5,710501,v2_global_only,low,4,1,1,1.0,1.0,0.21739130434782608,39.71505143652264,29.62286278635925,0.8425365934604024,32049.0,0.9899610798789151,0.203125
m7_v1_development_m7c5_seed710501,M7C5,710501,v2_global_only,medium,4,1,1,1.0,1.0,0.0,45.08677003569019,34.863531028669215,0.9181286520318984,33014.75,0.9852502312811484,0.1875
m7_v1_development_m7c5_seed710501,M7C5,710501,v2_global_only,severe,4,1,1,1.0,1.0,0.2608695652173913,29.36151998084126,25.70348591302443,0.7403079538964997,31419.75,0.9985301595372783,0.3177083333333333
m7_v1_development_m7c5_seed710501,M7C5,710501,v2_visible_edges,high,4,1,1,1.0,1.0,0.782608695652174,47.17146248205027,36.50466175620336,0.9379949751068831,33925.25,0.972878609733016,0.328125
m7_v1_development_m7c5_seed710501,M7C5,710501,v2_visible_edges,low,4,1,1,1.0,1.0,0.21739130434782608,39.71505143652264,29.528417614944992,0.8401157028032706,32049.25,0.9899688021251621,0.15625
m7_v1_development_m7c5_seed710501,M7C5,710501,v2_visible_edges,medium,4,1,1,1.0,1.0,0.0,45.08677003569019,34.76398745024703,0.9173031791863331,33014.75,0.9852502312811484,0.13541666666666666
m7_v1_development_m7c5_seed710501,M7C5,710501,v2_visible_edges,severe,4,1,1,1.0,1.0,0.2608695652173913,29.36151998084126,25.60078022600104,0.7336593039719786,31420.0,0.9985381046208606,0.2708333333333333
m7_v1_development_m7c6_seed710600,M7C6,710600,command_conditioned_risk_roi,high,4,0,0,,,0.0,41.5689652865923,37.83680024048231,0.9653513487734701,32734.0,0.938716985460698,0.020833333333333332
m7_v1_development_m7c6_seed710600,M7C6,710600,command_conditioned_risk_roi,low,4,0,0,,,0.0,39.63073869100249,34.7897110033624,0.9426946163234837,32132.5,0.9925403101254092,0.020833333333333332
m7_v1_development_m7c6_seed710600,M7C6,710600,command_conditioned_risk_roi,medium,4,0,0,,,0.0,41.5689652865923,37.83680024048231,0.9653513487734701,32734.0,0.9768718851651795,0.020833333333333332
m7_v1_development_m7c6_seed710600,M7C6,710600,command_conditioned_risk_roi,severe,4,0,0,,,0.0,25.750882489296917,25.24168731222874,0.841549651466064,31349.75,0.9963055361342401,0.020833333333333332
m7_v1_development_m7c6_seed710600,M7C6,710600,state_only_risk_roi,high,4,0,0,,,0.0,41.5689652865923,37.83680024048231,0.9653513487734701,32725.5,0.9384732299045052,0.020833333333333332
m7_v1_development_m7c6_seed710600,M7C6,710600,state_only_risk_roi,low,4,0,0,,,0.0,39.63073869100249,34.7897110033624,0.9426946163234837,32124.0,0.9922777537530116,0.020833333333333332
m7_v1_development_m7c6_seed710600,M7C6,710600,state_only_risk_roi,medium,4,0,0,,,0.0,41.5689652865923,37.83680024048231,0.9653513487734701,32725.5,0.9766182219702169,0.020833333333333332
m7_v1_development_m7c6_seed710600,M7C6,710600,state_only_risk_roi,severe,4,0,0,,,0.0,25.750882489296917,25.24168731222874,0.841549651466064,31341.25,0.9960354032924426,0.020833333333333332
m7_v1_development_m7c6_seed710600,M7C6,710600,v2_corridor_edges,high,4,0,0,,,0.8,42.00978020310898,38.3804567225756,0.9669746858530881,32729.25,0.9385807691204726,0.2760416666666667
m7_v1_development_m7c6_seed710600,M7C6,710600,v2_corridor_edges,low,4,0,0,,,0.2,40.31140475680559,35.06282132267111,0.9439669961631196,32127.75,0.9923935874467166,0.21875
m7_v1_development_m7c6_seed710600,M7C6,710600,v2_corridor_edges,medium,4,0,0,,,0.8,42.00978020310898,38.3804567225756,0.9669746858530881,32729.25,0.9767301322032886,0.2760416666666667
m7_v1_development_m7c6_seed710600,M7C6,710600,v2_corridor_edges,severe,4,0,0,,,0.2,28.36748734964436,26.313142119455705,0.8442863538873632,31345.0,0.9961545795461768,0.296875
m7_v1_development_m7c6_seed710600,M7C6,710600,v2_global_only,high,4,0,0,,,0.8,42.03618111187296,38.38906612962952,0.9669498364989393,32729.0,0.938573599839408,0.296875
m7_v1_development_m7c6_seed710600,M7C6,710600,v2_global_only,low,4,0,0,,,0.2,40.32877176184607,35.08738055782316,0.9441681011184812,32127.75,0.9923935874467166,0.22916666666666669
m7_v1_development_m7c6_seed710600,M7C6,710600,v2_global_only,medium,4,0,0,,,0.8,42.03618111187296,38.38906612962952,0.9669498364989393,32729.0,0.9767226715210839,0.296875
m7_v1_development_m7c6_seed710600,M7C6,710600,v2_global_only,severe,4,0,0,,,0.2,28.74911717120312,26.49855450859663,0.8423743343955007,31345.0,0.9961545795461768,0.3489583333333333
m7_v1_development_m7c6_seed710600,M7C6,710600,v2_visible_edges,high,4,0,0,,,0.8,41.8542152110565,38.24138194957273,0.9660794190997276,32729.25,0.9385807691204726,0.2552083333333333
m7_v1_development_m7c6_seed710600,M7C6,710600,v2_visible_edges,low,4,0,0,,,0.2,40.288593608052174,34.98704499626363,0.9428760355062756,32127.75,0.9923935874467166,0.16666666666666669
m7_v1_development_m7c6_seed710600,M7C6,710600,v2_visible_edges,medium,4,0,0,,,0.8,41.8542152110565,38.24138194957273,0.9660794190997276,32729.25,0.9767301322032886,0.2552083333333333
m7_v1_development_m7c6_seed710600,M7C6,710600,v2_visible_edges,severe,4,0,0,,,0.2,28.390927374922864,26.341200289920124,0.8439096099482312,31345.0,0.9961545795461768,0.3125
m7_v1_development_m7c6_seed710601,M7C6,710601,command_conditioned_risk_roi,high,4,0,0,,,0.0,40.562353794819714,37.26929316370948,0.9596349227947255,32981.5,0.945814573714548,0.020833333333333332
m7_v1_development_m7c6_seed710601,M7C6,710601,command_conditioned_risk_roi,low,4,0,0,,,0.0,37.41034951945489,33.80964869902059,0.9322738216607578,32185.0,0.9941619818372769,0.020833333333333332
m7_v1_development_m7c6_seed710601,M7C6,710601,command_conditioned_risk_roi,medium,4,0,0,,,0.0,39.082895759284085,35.89080516887623,0.950247284822676,32601.75,0.9729251842788504,0.020833333333333332
m7_v1_development_m7c6_seed710601,M7C6,710601,command_conditioned_risk_roi,severe,4,0,0,,,0.0,25.371128515510478,24.91019260928251,0.8177160024485716,31375.75,0.9971318248267972,0.020833333333333332
m7_v1_development_m7c6_seed710601,M7C6,710601,state_only_risk_roi,high,4,0,0,,,0.0,40.562353794819714,37.26929316370948,0.9596349227947255,32974.5,0.945613833844742,0.020833333333333332
m7_v1_development_m7c6_seed710601,M7C6,710601,state_only_risk_roi,low,4,0,0,,,0.0,37.41034951945489,33.80964869902059,0.9322738216607578,32178.0,0.9939457589423611,0.020833333333333332
m7_v1_development_m7c6_seed710601,M7C6,710601,state_only_risk_roi,medium,4,0,0,,,0.0,39.082895759284085,35.89080516887623,0.950247284822676,32594.75,0.9727162851771166,0.020833333333333332
m7_v1_development_m7c6_seed710601,M7C6,710601,state_only_risk_roi,severe,4,0,0,,,0.0,25.371128515510478,24.91019260928251,0.8177160024485716,31368.75,0.9969093624864934,0.020833333333333332
m7_v1_development_m7c6_seed710601,M7C6,710601,v2_corridor_edges,high,4,0,0,,,0.3333333333333333,41.20450674844819,37.80355125144417,0.9616982378179894,32977.25,0.9456926959364514,0.24479166666666669
m7_v1_development_m7c6_seed710601,M7C6,710601,v2_corridor_edges,low,4,0,0,,,0.0,37.73313094883575,33.99039254831839,0.9335255472641905,32181.0,0.9940384258973249,0.09895833333333334
m7_v1_development_m7c6_seed710601,M7C6,710601,v2_corridor_edges,medium,4,0,0,,,0.0,40.026635220615425,36.29923876707393,0.9519735473750481,32597.75,0.972805813363574,0.17187500000000003
m7_v1_development_m7c6_seed710601,M7C6,710601,v2_corridor_edges,severe,4,0,0,,,0.0,27.153675743245252,25.70483077545857,0.8100116501508893,31371.75,0.9970047034894807,0.27604166666666663
m7_v1_development_m7c6_seed710601,M7C6,710601,v2_global_only,high,4,0,0,,,0.4666666666666667,41.22770247592747,37.813791691514915,0.961800822640597,32977.25,0.9456926959364514,0.23958333333333331
m7_v1_development_m7c6_seed710601,M7C6,710601,v2_global_only,low,4,0,0,,,0.0,37.85153375469652,34.011788792558704,0.9334019987525037,32181.0,0.9940384258973249,0.11458333333333334
m7_v1_development_m7c6_seed710601,M7C6,710601,v2_global_only,medium,4,0,0,,,0.13333333333333333,40.05432497018049,36.348264161142566,0.9524046331994381,32597.75,0.972805813363574,0.15625
m7_v1_development_m7c6_seed710601,M7C6,710601,v2_global_only,severe,4,0,0,,,0.0,27.49502346242201,25.843170653626373,0.809928004171546,31371.75,0.9970047034894807,0.3177083333333333
m7_v1_development_m7c6_seed710601,M7C6,710601,v2_visible_edges,high,4,0,0,,,0.0,40.86522297703739,37.6396669666251,0.9606890634739573,32977.25,0.9456926959364514,0.19791666666666666
m7_v1_development_m7c6_seed710601,M7C6,710601,v2_visible_edges,low,4,0,0,,,0.13333333333333333,37.67517393657303,33.93817941588012,0.9332693833501727,32181.0,0.9940384258973249,0.08854166666666666
m7_v1_development_m7c6_seed710601,M7C6,710601,v2_visible_edges,medium,4,0,0,,,0.3333333333333333,39.6005080615514,36.18786488636413,0.9517343281729258,32597.75,0.972805813363574,0.140625
m7_v1_development_m7c6_seed710601,M7C6,710601,v2_visible_edges,severe,4,0,0,,,0.0,27.085280163933323,25.66320155244561,0.8149014573361443,31371.75,0.9970047034894807,0.24479166666666669
m7_v1_development_m7g1_seed710700,M7G1,710700,command_conditioned_risk_roi,high,4,0,0,,,,,36.77695764298919,0.9412188625126794,33842.0,0.9704912391385392,0.026041666666666664
m7_v1_development_m7g1_seed710700,M7G1,710700,command_conditioned_risk_roi,low,4,0,0,,,,,33.16992796522923,0.8924538798042193,32285.75,0.9972740470748132,0.026041666666666664
m7_v1_development_m7g1_seed710700,M7G1,710700,command_conditioned_risk_roi,medium,4,0,0,,,,,35.197288378614196,0.9236988544185817,32988.25,0.9844593989674416,0.026041666666666664
m7_v1_development_m7g1_seed710700,M7G1,710700,command_conditioned_risk_roi,severe,4,0,0,,,,,23.827687346235265,0.7373785048932763,31405.25,0.9980693446895061,0.026041666666666664
m7_v1_development_m7g1_seed710700,M7G1,710700,state_only_risk_roi,high,4,0,0,,,,,36.77695764298919,0.9412188625126794,33833.0,0.9702331450202174,0.026041666666666664
m7_v1_development_m7g1_seed710700,M7G1,710700,state_only_risk_roi,low,4,0,0,,,,,33.16992796522923,0.8924538798042193,32276.75,0.9969960462099214,0.026041666666666664
m7_v1_development_m7g1_seed710700,M7G1,710700,state_only_risk_roi,medium,4,0,0,,,,,35.197288378614196,0.9236988544185817,32979.25,0.9841908144080694,0.026041666666666664
m7_v1_development_m7g1_seed710700,M7G1,710700,state_only_risk_roi,severe,4,0,0,,,,,23.827687346235265,0.7373785048932763,31396.25,0.9977833216805442,0.026041666666666664
m7_v1_development_m7g1_seed710700,M7G1,710700,v2_corridor_edges,high,4,0,0,,,,,37.126721182127255,0.9436888665456379,33836.0,0.9703191763929914,0.4479166666666667
m7_v1_development_m7g1_seed710700,M7G1,710700,v2_corridor_edges,low,4,0,0,,,,,33.311864477692254,0.8938463443294898,32280.0,0.9970964354111324,0.11458333333333334
m7_v1_development_m7g1_seed710700,M7G1,710700,v2_corridor_edges,medium,4,0,0,,,,,35.35941596515529,0.9247413318264103,32983.25,0.984310185323346,0.203125
m7_v1_development_m7g1_seed710700,M7G1,710700,v2_corridor_edges,severe,4,0,0,,,,,24.382103605985805,0.7369061774326107,31400.0,0.9979024979342783,0.3020833333333333
m7_v1_development_m7g1_seed710700,M7G1,710700,v2_global_only,high,4,0,0,,,,,37.146630392931364,0.943757437088023,33836.5,0.9703335149551203,0.41145833333333337
m7_v1_development_m7g1_seed710700,M7G1,710700,v2_global_only,low,4,0,0,,,,,33.406699424595864,0.8945777544474536,32280.25,0.9971041576573795,0.14583333333333334
m7_v1_development_m7g1_seed710700,M7G1,710700,v2_global_only,medium,4,0,0,,,,,35.40790124043107,0.9253564369068322,32983.25,0.984310185323346,0.25
m7_v1_development_m7g1_seed710700,M7G1,710700,v2_global_only,severe,4,0,0,,,,,24.410322960938082,0.7384385603973932,31399.75,0.997894552850696,0.3229166666666667
m7_v1_development_m7g1_seed710700,M7G1,710700,v2_visible_edges,high,4,0,0,,,,,37.06014437730845,0.9428177127300115,33836.25,0.9703263456740558,0.3489583333333333
m7_v1_development_m7g1_seed710700,M7G1,710700,v2_visible_edges,low,4,0,0,,,,,33.290378791701194,0.8944356722506858,32280.0,0.9970964354111324,0.140625
m7_v1_development_m7g1_seed710700,M7G1,710700,v2_visible_edges,medium,4,0,0,,,,,35.344164535267744,0.9243145769131859,32983.25,0.984310185323346,0.19791666666666666
m7_v1_development_m7g1_seed710700,M7G1,710700,v2_visible_edges,severe,4,0,0,,,,,24.337501622718886,0.7336712383564734,31400.0,0.9979024979342783,0.2760416666666667
m7_v1_development_m7g1_seed710701,M7G1,710701,command_conditioned_risk_roi,high,4,0,0,,,,,36.77307571725707,0.9411888144554981,33841.25,0.9704697312953456,0.026041666666666664
m7_v1_development_m7g1_seed710701,M7G1,710701,command_conditioned_risk_roi,low,4,0,0,,,,,33.172052878498064,0.8924862572178538,32285.25,0.9972586025823192,0.026041666666666664
m7_v1_development_m7g1_seed710701,M7G1,710701,command_conditioned_risk_roi,medium,4,0,0,,,,,35.19643661184937,0.923741262815399,32986.5,0.9844071741920081,0.026041666666666664
m7_v1_development_m7g1_seed710701,M7G1,710701,command_conditioned_risk_roi,severe,4,0,0,,,,,23.828379739506325,0.7373923180654653,31405.25,0.9980693446895061,0.026041666666666664
m7_v1_development_m7g1_seed710701,M7G1,710701,state_only_risk_roi,high,4,0,0,,,,,36.77307571725707,0.9411888144554981,33832.25,0.9702116371770239,0.026041666666666664
m7_v1_development_m7g1_seed710701,M7G1,710701,state_only_risk_roi,low,4,0,0,,,,,33.172052878498064,0.8924862572178538,32276.25,0.9969806017174274,0.026041666666666664
m7_v1_development_m7g1_seed710701,M7G1,710701,state_only_risk_roi,medium,4,0,0,,,,,35.19643661184937,0.923741262815399,32977.5,0.984138589632636,0.026041666666666664
m7_v1_development_m7g1_seed710701,M7G1,710701,state_only_risk_roi,severe,4,0,0,,,,,23.828379739506325,0.7373923180654653,31396.25,0.9977833216805442,0.026041666666666664
m7_v1_development_m7g1_seed710701,M7G1,710701,v2_corridor_edges,high,4,0,0,,,,,37.1256293349378,0.943668164173515,33836.0,0.9703191763929914,0.4479166666666667
m7_v1_development_m7g1_seed710701,M7G1,710701,v2_corridor_edges,low,4,0,0,,,,,33.31406000270888,0.8938787217318229,32279.5,0.9970809909186384,0.11458333333333334
m7_v1_development_m7g1_seed710701,M7G1,710701,v2_corridor_edges,medium,4,0,0,,,,,35.35734324744918,0.9247421646097466,32981.5,0.9842579605479125,0.20833333333333334
m7_v1_development_m7g1_seed710701,M7G1,710701,v2_corridor_edges,severe,4,0,0,,,,,24.382890287923548,0.7369199906047996,31400.0,0.9979024979342783,0.3020833333333333
m7_v1_development_m7g1_seed710701,M7G1,710701,v2_global_only,high,4,0,0,,,,,37.14528865133138,0.9437328547428734,33836.0,0.9703191763929913,0.41145833333333337
m7_v1_development_m7g1_seed710701,M7G1,710701,v2_global_only,low,4,0,0,,,,,33.41062974198786,0.8945405001920941,32279.75,0.9970887131648855,0.14583333333333334
m7_v1_development_m7g1_seed710701,M7G1,710701,v2_global_only,medium,4,0,0,,,,,35.405144056330315,0.9253055244220223,32981.5,0.9842579605479125,0.24479166666666669
m7_v1_development_m7g1_seed710701,M7G1,710701,v2_global_only,severe,4,0,0,,,,,24.411114771646403,0.7384523735695822,31399.75,0.997894552850696,0.3229166666666667
m7_v1_development_m7g1_seed710701,M7G1,710701,v2_visible_edges,high,4,0,0,,,,,37.058723056354296,0.9427794787282636,33836.0,0.9703191763929913,0.34895833333333337
m7_v1_development_m7g1_seed710701,M7G1,710701,v2_visible_edges,low,4,0,0,,,,,33.291248328871596,0.8944858793964611,32279.5,0.9970809909186384,0.140625
m7_v1_development_m7g1_seed710701,M7G1,710701,v2_visible_edges,medium,4,0,0,,,,,35.34047677302487,0.9243041164677968,32981.5,0.9842579605479125,0.1875
m7_v1_development_m7g1_seed710701,M7G1,710701,v2_visible_edges,severe,4,0,0,,,,,24.33828026606845,0.7336854118299343,31400.0,0.9979024979342783,0.2760416666666667
m7_v1_development_m7g2_seed710800,M7G2,710800,command_conditioned_risk_roi,high,4,0,0,,,,,36.79051085782457,0.947287771519665,33741.5,0.9676091881506123,0.026041666666666664
m7_v1_development_m7g2_seed710800,M7G2,710800,command_conditioned_risk_roi,low,4,0,0,,,,,32.93083095486682,0.9013982582786012,32243.75,0.995976709705319,0.026041666666666664
m7_v1_development_m7g2_seed710800,M7G2,710800,command_conditioned_risk_roi,medium,4,0,0,,,,,35.024993309932086,0.9298992235515677,32907.5,0.9820495986152974,0.026041666666666664
m7_v1_development_m7g2_seed710800,M7G2,710800,command_conditioned_risk_roi,severe,4,0,0,,,,,25.20663520755377,0.7621673084137345,31436.25,0.9990545350537088,0.026041666666666664
m7_v1_development_m7g2_seed710800,M7G2,710800,state_only_risk_roi,high,4,0,0,,,,,36.783395156875265,0.9470134113022699,33693.25,0.9662255169051648,0.020833333333333332
m7_v1_development_m7g2_seed710800,M7G2,710800,state_only_risk_roi,low,4,0,0,,,,,32.9262002823834,0.9011944508817709,32227.5,0.9954747636992649,0.020833333333333332
m7_v1_development_m7g2_seed710800,M7G2,710800,state_only_risk_roi,medium,4,0,0,,,,,35.022279853002686,0.9297887003991209,32888.0,0.9814676654033244,0.020833333333333332
m7_v1_development_m7g2_seed710800,M7G2,710800,state_only_risk_roi,severe,4,0,0,,,,,25.20478229756057,0.7623954793637525,31421.25,0.998577830038772,0.020833333333333332
m7_v1_development_m7g2_seed710800,M7G2,710800,v2_corridor_edges,high,4,0,0,,,,,37.2785561403975,0.9490906655360533,33717.0,0.9669065986062918,0.35416666666666663
m7_v1_development_m7g2_seed710800,M7G2,710800,v2_corridor_edges,low,4,0,0,,,,,33.132072678951126,0.903285951519553,32235.0,0.9957064310866746,0.11979166666666667
m7_v1_development_m7g2_seed710800,M7G2,710800,v2_corridor_edges,medium,4,0,0,,,,,35.23244440595798,0.9307039201631869,32897.25,0.9817437106449014,0.171875
m7_v1_development_m7g2_seed710800,M7G2,710800,v2_corridor_edges,severe,4,0,0,,,,,25.893586441018456,0.7643967600363811,31428.25,0.9988002923790757,0.3489583333333333
m7_v1_development_m7g2_seed710800,M7G2,710800,v2_global_only,high,4,0,0,,,,,37.291701467479655,0.94912141484204,33717.0,0.9669065986062918,0.375
m7_v1_development_m7g2_seed710800,M7G2,710800,v2_global_only,low,4,0,0,,,,,33.19435064621211,0.9039042900997184,32235.25,0.9957141533329216,0.15104166666666666
m7_v1_development_m7g2_seed710800,M7G2,710800,v2_global_only,medium,4,0,0,,,,,35.27749403545373,0.9310595400017396,32897.25,0.9817437106449014,0.22395833333333331
m7_v1_development_m7g2_seed710800,M7G2,710800,v2_global_only,severe,4,0,0,,,,,25.940419860110197,0.7673405764829158,31428.0,0.9987923472954936,0.359375
m7_v1_development_m7g2_seed710800,M7G2,710800,v2_visible_edges,high,4,0,0,,,,,37.22187001235252,0.9482838300509983,33717.0,0.9669065986062918,0.3229166666666667
m7_v1_development_m7g2_seed710800,M7G2,710800,v2_visible_edges,low,4,0,0,,,,,33.082866090813425,0.902768330942449,32235.25,0.9957141533329216,0.125
m7_v1_development_m7g2_seed710800,M7G2,710800,v2_visible_edges,medium,4,0,0,,,,,35.15748616445072,0.9303568996918494,32897.25,0.9817437106449014,0.125
m7_v1_development_m7g2_seed710800,M7G2,710800,v2_visible_edges,severe,4,0,0,,,,,25.764766061011578,0.7602199747218664,31428.0,0.9987923472954936,0.3020833333333333
m7_v1_development_m7g2_seed710801,M7G2,710801,command_conditioned_risk_roi,high,4,0,0,,,,,36.79051085782457,0.947287771519665,33741.5,0.9676091881506123,0.026041666666666664
m7_v1_development_m7g2_seed710801,M7G2,710801,command_conditioned_risk_roi,low,4,0,0,,,,,32.93083095486682,0.9013982582786012,32243.75,0.995976709705319,0.026041666666666664
m7_v1_development_m7g2_seed710801,M7G2,710801,command_conditioned_risk_roi,medium,4,0,0,,,,,35.024993309932086,0.9298992235515677,32907.5,0.9820495986152974,0.026041666666666664
m7_v1_development_m7g2_seed710801,M7G2,710801,command_conditioned_risk_roi,severe,4,0,0,,,,,25.20663520755377,0.7621673084137345,31436.25,0.9990545350537088,0.026041666666666664
m7_v1_development_m7g2_seed710801,M7G2,710801,state_only_risk_roi,high,4,0,0,,,,,36.783395156875265,0.9470134113022699,33693.25,0.9662255169051648,0.020833333333333332
m7_v1_development_m7g2_seed710801,M7G2,710801,state_only_risk_roi,low,4,0,0,,,,,32.9262002823834,0.9011944508817709,32227.5,0.9954747636992649,0.020833333333333332
m7_v1_development_m7g2_seed710801,M7G2,710801,state_only_risk_roi,medium,4,0,0,,,,,35.022279853002686,0.9297887003991209,32888.0,0.9814676654033244,0.020833333333333332
m7_v1_development_m7g2_seed710801,M7G2,710801,state_only_risk_roi,severe,4,0,0,,,,,25.20478229756057,0.7623954793637525,31421.25,0.998577830038772,0.020833333333333332
m7_v1_development_m7g2_seed710801,M7G2,710801,v2_corridor_edges,high,4,0,0,,,,,37.2785561403975,0.9490906655360533,33717.0,0.9669065986062918,0.35416666666666663
m7_v1_development_m7g2_seed710801,M7G2,710801,v2_corridor_edges,low,4,0,0,,,,,33.132072678951126,0.903285951519553,32235.0,0.9957064310866746,0.11979166666666667
m7_v1_development_m7g2_seed710801,M7G2,710801,v2_corridor_edges,medium,4,0,0,,,,,35.23244440595798,0.9307039201631869,32897.25,0.9817437106449014,0.171875
m7_v1_development_m7g2_seed710801,M7G2,710801,v2_corridor_edges,severe,4,0,0,,,,,25.893586441018456,0.7643967600363811,31428.25,0.9988002923790757,0.3489583333333333
m7_v1_development_m7g2_seed710801,M7G2,710801,v2_global_only,high,4,0,0,,,,,37.291701467479655,0.94912141484204,33717.0,0.9669065986062918,0.375
m7_v1_development_m7g2_seed710801,M7G2,710801,v2_global_only,low,4,0,0,,,,,33.19435064621211,0.9039042900997184,32235.25,0.9957141533329216,0.15104166666666666
m7_v1_development_m7g2_seed710801,M7G2,710801,v2_global_only,medium,4,0,0,,,,,35.27749403545373,0.9310595400017396,32897.25,0.9817437106449014,0.22395833333333331
m7_v1_development_m7g2_seed710801,M7G2,710801,v2_global_only,severe,4,0,0,,,,,25.940419860110197,0.7673405764829158,31428.0,0.9987923472954936,0.359375
m7_v1_development_m7g2_seed710801,M7G2,710801,v2_visible_edges,high,4,0,0,,,,,37.22187001235252,0.9482838300509983,33717.0,0.9669065986062918,0.3229166666666667
m7_v1_development_m7g2_seed710801,M7G2,710801,v2_visible_edges,low,4,0,0,,,,,33.082866090813425,0.902768330942449,32235.25,0.9957141533329216,0.125
m7_v1_development_m7g2_seed710801,M7G2,710801,v2_visible_edges,medium,4,0,0,,,,,35.15748616445072,0.9303568996918494,32897.25,0.9817437106449014,0.125
m7_v1_development_m7g2_seed710801,M7G2,710801,v2_visible_edges,severe,4,0,0,,,,,25.764766061011578,0.7602199747218664,31428.0,0.9987923472954936,0.3020833333333333
